RegionID,RegionName,State,month_date_yyyymm,zori,zori_mm,zori_yy,Metro
250,Maui County,HI,202012,2297.95,,,"Kahului-Wailuku-Lahaina, HI"
250,Maui County,HI,202101,2323.96,0.0113,,"Kahului-Wailuku-Lahaina, HI"
250,Maui County,HI,202102,2517.36,0.0832,,"Kahului-Wailuku-Lahaina, HI"
250,Maui County,HI,202103,2640.3,0.0488,,"Kahului-Wailuku-Lahaina, HI"
250,Maui County,HI,202104,2697.4,0.0216,,"Kahului-Wailuku-Lahaina, HI"
250,Maui County,HI,202105,2682.1,-0.0057,,"Kahului-Wailuku-Lahaina, HI"
250,Maui County,HI,202106,2806.71,0.0465,,"Kahului-Wailuku-Lahaina, HI"
250,Maui County,HI,202107,2870.33,0.0227,,"Kahului-Wailuku-Lahaina, HI"
250,Maui County,HI,202108,2929.39,0.0206,,"Kahului-Wailuku-Lahaina, HI"
250,Maui County,HI,202109,2868.0,-0.021,,"Kahului-Wailuku-Lahaina, HI"
250,Maui County,HI,202110,2844.62,-0.0082,,"Kahului-Wailuku-Lahaina, HI"
250,Maui County,HI,202111,2922.42,0.0274,,"Kahului-Wailuku-Lahaina, HI"
250,Maui County,HI,202112,3021.21,0.0338,0.3147,"Kahului-Wailuku-Lahaina, HI"
250,Maui County,HI,202201,3101.1,0.0264,0.3344,"Kahului-Wailuku-Lahaina, HI"
250,Maui County,HI,202202,3121.67,0.0066,0.2401,"Kahului-Wailuku-Lahaina, HI"
250,Maui County,HI,202203,3143.92,0.0071,0.1907,"Kahului-Wailuku-Lahaina, HI"
250,Maui County,HI,202204,3198.09,0.0172,0.1856,"Kahului-Wailuku-Lahaina, HI"
250,Maui County,HI,202205,3119.24,-0.0247,0.163,"Kahului-Wailuku-Lahaina, HI"
250,Maui County,HI,202206,3123.47,0.0014,0.1129,"Kahului-Wailuku-Lahaina, HI"
250,Maui County,HI,202207,3104.48,-0.0061,0.0816,"Kahului-Wailuku-Lahaina, HI"
250,Maui County,HI,202208,3153.99,0.0159,0.0767,"Kahului-Wailuku-Lahaina, HI"
250,Maui County,HI,202209,3124.06,-0.0095,0.0893,"Kahului-Wailuku-Lahaina, HI"
250,Maui County,HI,202210,3118.88,-0.0017,0.0964,"Kahului-Wailuku-Lahaina, HI"
250,Maui County,HI,202211,3243.8,0.0401,0.11,"Kahului-Wailuku-Lahaina, HI"
250,Maui County,HI,202212,3354.69,0.0342,0.1104,"Kahului-Wailuku-Lahaina, HI"
250,Maui County,HI,202301,3412.15,0.0171,0.1003,"Kahului-Wailuku-Lahaina, HI"
250,Maui County,HI,202302,3349.81,-0.0183,0.0731,"Kahului-Wailuku-Lahaina, HI"
250,Maui County,HI,202303,3282.97,-0.02,0.0442,"Kahului-Wailuku-Lahaina, HI"
250,Maui County,HI,202304,3274.51,-0.0026,0.0239,"Kahului-Wailuku-Lahaina, HI"
250,Maui County,HI,202305,3260.67,-0.0042,0.0453,"Kahului-Wailuku-Lahaina, HI"
250,Maui County,HI,202306,3278.21,0.0054,0.0495,"Kahului-Wailuku-Lahaina, HI"
250,Maui County,HI,202307,3327.94,0.0152,0.072,"Kahului-Wailuku-Lahaina, HI"
250,Maui County,HI,202308,3352.23,0.0073,0.0629,"Kahului-Wailuku-Lahaina, HI"
250,Maui County,HI,202309,3393.37,0.0123,0.0862,"Kahului-Wailuku-Lahaina, HI"
250,Maui County,HI,202310,3437.12,0.0129,0.102,"Kahului-Wailuku-Lahaina, HI"
250,Maui County,HI,202311,3466.34,0.0085,0.0686,"Kahului-Wailuku-Lahaina, HI"
250,Maui County,HI,202312,3453.23,-0.0038,0.0294,"Kahului-Wailuku-Lahaina, HI"
250,Maui County,HI,202401,3521.39,0.0197,0.032,"Kahului-Wailuku-Lahaina, HI"
250,Maui County,HI,202402,3671.76,0.0427,0.0961,"Kahului-Wailuku-Lahaina, HI"
250,Maui County,HI,202403,3779.66,0.0294,0.1513,"Kahului-Wailuku-Lahaina, HI"
250,Maui County,HI,202404,3775.71,-0.001,0.1531,"Kahului-Wailuku-Lahaina, HI"
250,Maui County,HI,202405,3666.04,-0.029,0.1243,"Kahului-Wailuku-Lahaina, HI"
250,Maui County,HI,202406,3661.95,-0.0011,0.1171,"Kahului-Wailuku-Lahaina, HI"
250,Maui County,HI,202407,3630.76,-0.0085,0.091,"Kahului-Wailuku-Lahaina, HI"
250,Maui County,HI,202408,3635.23,0.0012,0.0844,"Kahului-Wailuku-Lahaina, HI"
250,Maui County,HI,202409,3557.05,-0.0215,0.0482,"Kahului-Wailuku-Lahaina, HI"
250,Maui County,HI,202410,3505.38,-0.0145,0.0199,"Kahului-Wailuku-Lahaina, HI"
250,Maui County,HI,202411,3493.09,-0.0035,0.0077,"Kahului-Wailuku-Lahaina, HI"
250,Maui County,HI,202412,3549.75,0.0162,0.028,"Kahului-Wailuku-Lahaina, HI"
250,Maui County,HI,202501,3642.3,0.0261,0.0343,"Kahului-Wailuku-Lahaina, HI"
250,Maui County,HI,202502,3641.22,-0.0003,-0.0083,"Kahului-Wailuku-Lahaina, HI"
250,Maui County,HI,202503,3627.88,-0.0037,-0.0402,"Kahului-Wailuku-Lahaina, HI"
250,Maui County,HI,202504,3606.51,-0.0059,-0.0448,"Kahului-Wailuku-Lahaina, HI"
250,Maui County,HI,202505,3577.22,-0.0081,-0.0242,"Kahului-Wailuku-Lahaina, HI"
250,Maui County,HI,202506,3536.12,-0.0115,-0.0344,"Kahului-Wailuku-Lahaina, HI"
250,Maui County,HI,202507,3500.95,-0.0099,-0.0358,"Kahului-Wailuku-Lahaina, HI"
250,Maui County,HI,202508,3518.0,0.0049,-0.0322,"Kahului-Wailuku-Lahaina, HI"
250,Maui County,HI,202509,3572.52,0.0155,0.0043,"Kahului-Wailuku-Lahaina, HI"
250,Maui County,HI,202510,3578.97,0.0018,0.021,"Kahului-Wailuku-Lahaina, HI"
250,Maui County,HI,202511,3563.07,-0.0044,0.02,"Kahului-Wailuku-Lahaina, HI"
250,Maui County,HI,202512,3507.47,-0.0156,-0.0119,"Kahului-Wailuku-Lahaina, HI"
250,Maui County,HI,202601,3532.71,0.0072,-0.0301,"Kahului-Wailuku-Lahaina, HI"
578,Kauai County,HI,202502,3415.76,,,"Kapaa, HI"
578,Kauai County,HI,202503,3402.56,-0.0039,,"Kapaa, HI"
578,Kauai County,HI,202504,3585.38,0.0537,,"Kapaa, HI"
578,Kauai County,HI,202505,3576.16,-0.0026,,"Kapaa, HI"
578,Kauai County,HI,202506,3648.72,0.0203,,"Kapaa, HI"
578,Kauai County,HI,202507,3634.23,-0.004,,"Kapaa, HI"
578,Kauai County,HI,202508,3729.01,0.0261,,"Kapaa, HI"
578,Kauai County,HI,202509,3768.5,0.0106,,"Kapaa, HI"
578,Kauai County,HI,202510,3719.39,-0.013,,"Kapaa, HI"
578,Kauai County,HI,202511,3692.99,-0.0071,,"Kapaa, HI"
578,Kauai County,HI,202512,3549.58,-0.0388,,"Kapaa, HI"
578,Kauai County,HI,202601,3450.0,-0.0281,,"Kapaa, HI"
1092,Hawaii County,HI,202108,1794.72,,,"Hilo, HI"
1092,Hawaii County,HI,202109,1841.56,0.0261,,"Hilo, HI"
1092,Hawaii County,HI,202110,1885.45,0.0238,,"Hilo, HI"
1092,Hawaii County,HI,202111,1940.28,0.0291,,"Hilo, HI"
1092,Hawaii County,HI,202201,1978.08,0.0195,,"Hilo, HI"
1092,Hawaii County,HI,202202,1967.77,-0.0052,,"Hilo, HI"
1092,Hawaii County,HI,202203,1976.88,0.0046,,"Hilo, HI"
1092,Hawaii County,HI,202204,2037.29,0.0306,,"Hilo, HI"
1092,Hawaii County,HI,202205,2087.8,0.0248,,"Hilo, HI"
1092,Hawaii County,HI,202206,2105.01,0.0082,,"Hilo, HI"
1092,Hawaii County,HI,202207,2068.41,-0.0174,,"Hilo, HI"
1092,Hawaii County,HI,202208,2062.02,-0.0031,,"Hilo, HI"
1092,Hawaii County,HI,202209,2044.89,-0.0083,0.1394,"Hilo, HI"
1092,Hawaii County,HI,202210,2051.07,0.003,0.1138,"Hilo, HI"
1092,Hawaii County,HI,202211,2063.61,0.0061,0.0945,"Hilo, HI"
1092,Hawaii County,HI,202212,2095.08,0.0152,0.0798,"Hilo, HI"
1092,Hawaii County,HI,202301,2131.66,0.0175,0.0776,"Hilo, HI"
1092,Hawaii County,HI,202302,2126.13,-0.0026,0.0805,"Hilo, HI"
1092,Hawaii County,HI,202303,2148.84,0.0107,0.087,"Hilo, HI"
1092,Hawaii County,HI,202304,2136.7,-0.0056,0.0488,"Hilo, HI"
1092,Hawaii County,HI,202305,2153.18,0.0077,0.0313,"Hilo, HI"
1092,Hawaii County,HI,202306,2144.6,-0.004,0.0188,"Hilo, HI"
1092,Hawaii County,HI,202307,2161.52,0.0079,0.045,"Hilo, HI"
1092,Hawaii County,HI,202308,2159.27,-0.001,0.0472,"Hilo, HI"
1092,Hawaii County,HI,202309,2194.23,0.0162,0.073,"Hilo, HI"
1092,Hawaii County,HI,202310,2226.67,0.0148,0.0856,"Hilo, HI"
1092,Hawaii County,HI,202311,2268.88,0.019,0.0995,"Hilo, HI"
1092,Hawaii County,HI,202312,2233.93,-0.0154,0.0663,"Hilo, HI"
1092,Hawaii County,HI,202401,2244.28,0.0046,0.0528,"Hilo, HI"
1092,Hawaii County,HI,202402,2258.62,0.0064,0.0623,"Hilo, HI"
1092,Hawaii County,HI,202403,2326.58,0.0301,0.0827,"Hilo, HI"
1092,Hawaii County,HI,202404,2337.25,0.0046,0.0939,"Hilo, HI"
1092,Hawaii County,HI,202405,2318.85,-0.0079,0.0769,"Hilo, HI"
1092,Hawaii County,HI,202406,2310.65,-0.0035,0.0774,"Hilo, HI"
1092,Hawaii County,HI,202407,2308.39,-0.001,0.0679,"Hilo, HI"
1092,Hawaii County,HI,202408,2315.36,0.003,0.0723,"Hilo, HI"
1092,Hawaii County,HI,202409,2303.74,-0.005,0.0499,"Hilo, HI"
1092,Hawaii County,HI,202410,2309.35,0.0024,0.0371,"Hilo, HI"
1092,Hawaii County,HI,202411,2341.19,0.0138,0.0319,"Hilo, HI"
1092,Hawaii County,HI,202412,2369.53,0.0121,0.0607,"Hilo, HI"
1092,Hawaii County,HI,202501,2389.68,0.0085,0.0648,"Hilo, HI"
1092,Hawaii County,HI,202502,2399.88,0.0043,0.0625,"Hilo, HI"
1092,Hawaii County,HI,202503,2406.67,0.0028,0.0344,"Hilo, HI"
1092,Hawaii County,HI,202504,2410.52,0.0016,0.0313,"Hilo, HI"
1092,Hawaii County,HI,202505,2396.05,-0.006,0.0333,"Hilo, HI"
1092,Hawaii County,HI,202506,2391.3,-0.002,0.0349,"Hilo, HI"
1092,Hawaii County,HI,202507,2373.49,-0.0074,0.0282,"Hilo, HI"
1092,Hawaii County,HI,202508,2393.75,0.0085,0.0339,"Hilo, HI"
1092,Hawaii County,HI,202509,2375.19,-0.0078,0.031,"Hilo, HI"
1092,Hawaii County,HI,202510,2370.81,-0.0018,0.0266,"Hilo, HI"
1092,Hawaii County,HI,202511,2364.06,-0.0028,0.0098,"Hilo, HI"
1092,Hawaii County,HI,202512,2414.78,0.0215,0.0191,"Hilo, HI"
1092,Hawaii County,HI,202601,2473.22,0.0242,0.035,"Hilo, HI"
2347,Honolulu County,HI,201501,1893.94,,,"Urban Honolulu, HI"
2347,Honolulu County,HI,201502,1906.19,0.0065,,"Urban Honolulu, HI"
2347,Honolulu County,HI,201503,1913.95,0.0041,,"Urban Honolulu, HI"
2347,Honolulu County,HI,201504,1915.42,0.0008,,"Urban Honolulu, HI"
2347,Honolulu County,HI,201505,1934.32,0.0099,,"Urban Honolulu, HI"
2347,Honolulu County,HI,201506,1937.71,0.0018,,"Urban Honolulu, HI"
2347,Honolulu County,HI,201507,1946.01,0.0043,,"Urban Honolulu, HI"
2347,Honolulu County,HI,201508,1948.48,0.0013,,"Urban Honolulu, HI"
2347,Honolulu County,HI,201509,1952.99,0.0023,,"Urban Honolulu, HI"
2347,Honolulu County,HI,201510,1954.61,0.0008,,"Urban Honolulu, HI"
2347,Honolulu County,HI,201511,1956.82,0.0011,,"Urban Honolulu, HI"
2347,Honolulu County,HI,201512,1966.4,0.0049,,"Urban Honolulu, HI"
2347,Honolulu County,HI,201601,1967.68,0.0007,0.0389,"Urban Honolulu, HI"
2347,Honolulu County,HI,201602,1969.8,0.0011,0.0334,"Urban Honolulu, HI"
2347,Honolulu County,HI,201603,1962.07,-0.0039,0.0251,"Urban Honolulu, HI"
2347,Honolulu County,HI,201604,1970.65,0.0044,0.0288,"Urban Honolulu, HI"
2347,Honolulu County,HI,201605,1975.46,0.0024,0.0213,"Urban Honolulu, HI"
2347,Honolulu County,HI,201606,1982.8,0.0037,0.0233,"Urban Honolulu, HI"
2347,Honolulu County,HI,201607,1981.78,-0.0005,0.0184,"Urban Honolulu, HI"
2347,Honolulu County,HI,201608,1979.77,-0.001,0.0161,"Urban Honolulu, HI"
2347,Honolulu County,HI,201609,1976.94,-0.0014,0.0123,"Urban Honolulu, HI"
2347,Honolulu County,HI,201610,1970.98,-0.003,0.0084,"Urban Honolulu, HI"
2347,Honolulu County,HI,201611,1970.79,-0.0001,0.0071,"Urban Honolulu, HI"
2347,Honolulu County,HI,201612,1967.89,-0.0015,0.0008,"Urban Honolulu, HI"
2347,Honolulu County,HI,201701,1977.21,0.0047,0.0048,"Urban Honolulu, HI"
2347,Honolulu County,HI,201702,1990.65,0.0068,0.0106,"Urban Honolulu, HI"
2347,Honolulu County,HI,201703,2004.03,0.0067,0.0214,"Urban Honolulu, HI"
2347,Honolulu County,HI,201704,2023.47,0.0097,0.0268,"Urban Honolulu, HI"
2347,Honolulu County,HI,201705,2022.09,-0.0007,0.0236,"Urban Honolulu, HI"
2347,Honolulu County,HI,201706,2021.04,-0.0005,0.0193,"Urban Honolulu, HI"
2347,Honolulu County,HI,201707,2010.9,-0.005,0.0147,"Urban Honolulu, HI"
2347,Honolulu County,HI,201708,2014.85,0.002,0.0177,"Urban Honolulu, HI"
2347,Honolulu County,HI,201709,2017.36,0.0012,0.0204,"Urban Honolulu, HI"
2347,Honolulu County,HI,201710,2020.95,0.0018,0.0254,"Urban Honolulu, HI"
2347,Honolulu County,HI,201711,2020.42,-0.0003,0.0252,"Urban Honolulu, HI"
2347,Honolulu County,HI,201712,2030.34,0.0049,0.0317,"Urban Honolulu, HI"
2347,Honolulu County,HI,201801,2031.59,0.0006,0.0275,"Urban Honolulu, HI"
2347,Honolulu County,HI,201802,2037.95,0.0031,0.0238,"Urban Honolulu, HI"
2347,Honolulu County,HI,201803,2037.8,-0.0001,0.0169,"Urban Honolulu, HI"
2347,Honolulu County,HI,201804,2041.69,0.0019,0.009,"Urban Honolulu, HI"
2347,Honolulu County,HI,201805,2045.47,0.0019,0.0116,"Urban Honolulu, HI"
2347,Honolulu County,HI,201806,2052.28,0.0033,0.0155,"Urban Honolulu, HI"
2347,Honolulu County,HI,201807,2057.72,0.0026,0.0233,"Urban Honolulu, HI"
2347,Honolulu County,HI,201808,2057.82,0.0,0.0213,"Urban Honolulu, HI"
2347,Honolulu County,HI,201809,2058.6,0.0004,0.0204,"Urban Honolulu, HI"
2347,Honolulu County,HI,201810,2056.68,-0.0009,0.0177,"Urban Honolulu, HI"
2347,Honolulu County,HI,201811,2062.47,0.0028,0.0208,"Urban Honolulu, HI"
2347,Honolulu County,HI,201812,2060.1,-0.0011,0.0147,"Urban Honolulu, HI"
2347,Honolulu County,HI,201901,2066.7,0.0032,0.0173,"Urban Honolulu, HI"
2347,Honolulu County,HI,201902,2072.6,0.0029,0.017,"Urban Honolulu, HI"
2347,Honolulu County,HI,201903,2088.1,0.0075,0.0247,"Urban Honolulu, HI"
2347,Honolulu County,HI,201904,2097.61,0.0046,0.0274,"Urban Honolulu, HI"
2347,Honolulu County,HI,201905,2099.69,0.001,0.0265,"Urban Honolulu, HI"
2347,Honolulu County,HI,201906,2094.7,-0.0024,0.0207,"Urban Honolulu, HI"
2347,Honolulu County,HI,201907,2100.0,0.0025,0.0205,"Urban Honolulu, HI"
2347,Honolulu County,HI,201908,2107.55,0.0036,0.0242,"Urban Honolulu, HI"
2347,Honolulu County,HI,201909,2115.19,0.0036,0.0275,"Urban Honolulu, HI"
2347,Honolulu County,HI,201910,2115.07,-0.0001,0.0284,"Urban Honolulu, HI"
2347,Honolulu County,HI,201911,2112.24,-0.0013,0.0241,"Urban Honolulu, HI"
2347,Honolulu County,HI,201912,2112.53,0.0001,0.0255,"Urban Honolulu, HI"
2347,Honolulu County,HI,202001,2115.58,0.0014,0.0237,"Urban Honolulu, HI"
2347,Honolulu County,HI,202002,2125.67,0.0048,0.0256,"Urban Honolulu, HI"
2347,Honolulu County,HI,202003,2123.05,-0.0012,0.0167,"Urban Honolulu, HI"
2347,Honolulu County,HI,202004,2114.11,-0.0042,0.0079,"Urban Honolulu, HI"
2347,Honolulu County,HI,202005,2102.48,-0.0055,0.0013,"Urban Honolulu, HI"
2347,Honolulu County,HI,202006,2099.75,-0.0013,0.0024,"Urban Honolulu, HI"
2347,Honolulu County,HI,202007,2105.23,0.0026,0.0025,"Urban Honolulu, HI"
2347,Honolulu County,HI,202008,2101.16,-0.0019,-0.003,"Urban Honolulu, HI"
2347,Honolulu County,HI,202009,2106.5,0.0025,-0.0041,"Urban Honolulu, HI"
2347,Honolulu County,HI,202010,2101.81,-0.0022,-0.0063,"Urban Honolulu, HI"
2347,Honolulu County,HI,202011,2112.57,0.0051,0.0002,"Urban Honolulu, HI"
2347,Honolulu County,HI,202012,2123.66,0.0052,0.0053,"Urban Honolulu, HI"
2347,Honolulu County,HI,202101,2133.44,0.0046,0.0084,"Urban Honolulu, HI"
2347,Honolulu County,HI,202102,2157.79,0.0114,0.0151,"Urban Honolulu, HI"
2347,Honolulu County,HI,202103,2176.15,0.0085,0.025,"Urban Honolulu, HI"
2347,Honolulu County,HI,202104,2209.82,0.0155,0.0453,"Urban Honolulu, HI"
2347,Honolulu County,HI,202105,2229.01,0.0087,0.0602,"Urban Honolulu, HI"
2347,Honolulu County,HI,202106,2242.77,0.0062,0.0681,"Urban Honolulu, HI"
2347,Honolulu County,HI,202107,2272.56,0.0133,0.0795,"Urban Honolulu, HI"
2347,Honolulu County,HI,202108,2296.94,0.0107,0.0932,"Urban Honolulu, HI"
2347,Honolulu County,HI,202109,2329.79,0.0143,0.106,"Urban Honolulu, HI"
2347,Honolulu County,HI,202110,2337.46,0.0033,0.1121,"Urban Honolulu, HI"
2347,Honolulu County,HI,202111,2336.43,-0.0004,0.106,"Urban Honolulu, HI"
2347,Honolulu County,HI,202112,2342.15,0.0024,0.1029,"Urban Honolulu, HI"
2347,Honolulu County,HI,202201,2341.02,-0.0005,0.0973,"Urban Honolulu, HI"
2347,Honolulu County,HI,202202,2374.85,0.0144,0.1006,"Urban Honolulu, HI"
2347,Honolulu County,HI,202203,2392.59,0.0075,0.0995,"Urban Honolulu, HI"
2347,Honolulu County,HI,202204,2411.73,0.008,0.0914,"Urban Honolulu, HI"
2347,Honolulu County,HI,202205,2415.99,0.0018,0.0839,"Urban Honolulu, HI"
2347,Honolulu County,HI,202206,2413.75,-0.0009,0.0762,"Urban Honolulu, HI"
2347,Honolulu County,HI,202207,2425.21,0.0047,0.0672,"Urban Honolulu, HI"
2347,Honolulu County,HI,202208,2430.38,0.0021,0.0581,"Urban Honolulu, HI"
2347,Honolulu County,HI,202209,2437.21,0.0028,0.0461,"Urban Honolulu, HI"
2347,Honolulu County,HI,202210,2433.9,-0.0014,0.0413,"Urban Honolulu, HI"
2347,Honolulu County,HI,202211,2419.87,-0.0058,0.0357,"Urban Honolulu, HI"
2347,Honolulu County,HI,202212,2431.31,0.0047,0.0381,"Urban Honolulu, HI"
2347,Honolulu County,HI,202301,2445.79,0.006,0.0448,"Urban Honolulu, HI"
2347,Honolulu County,HI,202302,2464.96,0.0078,0.0379,"Urban Honolulu, HI"
2347,Honolulu County,HI,202303,2477.4,0.005,0.0354,"Urban Honolulu, HI"
2347,Honolulu County,HI,202304,2492.86,0.0062,0.0336,"Urban Honolulu, HI"
2347,Honolulu County,HI,202305,2505.23,0.005,0.0369,"Urban Honolulu, HI"
2347,Honolulu County,HI,202306,2501.27,-0.0016,0.0363,"Urban Honolulu, HI"
2347,Honolulu County,HI,202307,2504.35,0.0012,0.0326,"Urban Honolulu, HI"
2347,Honolulu County,HI,202308,2501.92,-0.001,0.0294,"Urban Honolulu, HI"
2347,Honolulu County,HI,202309,2518.34,0.0066,0.0333,"Urban Honolulu, HI"
2347,Honolulu County,HI,202310,2525.46,0.0028,0.0376,"Urban Honolulu, HI"
2347,Honolulu County,HI,202311,2527.31,0.0007,0.0444,"Urban Honolulu, HI"
2347,Honolulu County,HI,202312,2522.12,-0.0021,0.0374,"Urban Honolulu, HI"
2347,Honolulu County,HI,202401,2526.99,0.0019,0.0332,"Urban Honolulu, HI"
2347,Honolulu County,HI,202402,2542.65,0.0062,0.0315,"Urban Honolulu, HI"
2347,Honolulu County,HI,202403,2562.08,0.0076,0.0342,"Urban Honolulu, HI"
2347,Honolulu County,HI,202404,2575.72,0.0053,0.0332,"Urban Honolulu, HI"
2347,Honolulu County,HI,202405,2592.18,0.0064,0.0347,"Urban Honolulu, HI"
2347,Honolulu County,HI,202406,2601.9,0.0037,0.0402,"Urban Honolulu, HI"
2347,Honolulu County,HI,202407,2608.1,0.0024,0.0414,"Urban Honolulu, HI"
2347,Honolulu County,HI,202408,2611.74,0.0014,0.0439,"Urban Honolulu, HI"
2347,Honolulu County,HI,202409,2622.53,0.0041,0.0414,"Urban Honolulu, HI"
2347,Honolulu County,HI,202410,2639.01,0.0063,0.045,"Urban Honolulu, HI"
2347,Honolulu County,HI,202411,2640.64,0.0006,0.0448,"Urban Honolulu, HI"
2347,Honolulu County,HI,202412,2644.58,0.0015,0.0486,"Urban Honolulu, HI"
2347,Honolulu County,HI,202501,2639.67,-0.0019,0.0446,"Urban Honolulu, HI"
2347,Honolulu County,HI,202502,2660.98,0.0081,0.0465,"Urban Honolulu, HI"
2347,Honolulu County,HI,202503,2664.12,0.0012,0.0398,"Urban Honolulu, HI"
2347,Honolulu County,HI,202504,2686.79,0.0085,0.0431,"Urban Honolulu, HI"
2347,Honolulu County,HI,202505,2703.38,0.0062,0.0429,"Urban Honolulu, HI"
2347,Honolulu County,HI,202506,2728.92,0.0094,0.0488,"Urban Honolulu, HI"
2347,Honolulu County,HI,202507,2734.45,0.002,0.0484,"Urban Honolulu, HI"
2347,Honolulu County,HI,202508,2737.28,0.001,0.0481,"Urban Honolulu, HI"
2347,Honolulu County,HI,202509,2748.16,0.004,0.0479,"Urban Honolulu, HI"
2347,Honolulu County,HI,202510,2763.2,0.0055,0.0471,"Urban Honolulu, HI"
2347,Honolulu County,HI,202511,2774.56,0.0041,0.0507,"Urban Honolulu, HI"
2347,Honolulu County,HI,202512,2776.2,0.0006,0.0498,"Urban Honolulu, HI"
2347,Honolulu County,HI,202601,2772.86,-0.0012,0.0505,"Urban Honolulu, HI"
