RegionID,RegionName,State,month_date_yyyymm,zori,zori_mm,zori_yy,Metro
141,Coos County,NH,202601,1300.0,,,"Berlin, NH"
1539,Belknap County,NH,202303,1509.61,,,"Laconia, NH"
1539,Belknap County,NH,202304,1563.13,0.0355,,"Laconia, NH"
1539,Belknap County,NH,202305,1575.87,0.0082,,"Laconia, NH"
1539,Belknap County,NH,202306,1549.4,-0.0168,,"Laconia, NH"
1539,Belknap County,NH,202307,1578.89,0.019,,"Laconia, NH"
1539,Belknap County,NH,202308,1593.72,0.0094,,"Laconia, NH"
1539,Belknap County,NH,202309,1601.43,0.0048,,"Laconia, NH"
1539,Belknap County,NH,202310,1567.1,-0.0214,,"Laconia, NH"
1539,Belknap County,NH,202311,1568.95,0.0012,,"Laconia, NH"
1539,Belknap County,NH,202312,1594.04,0.016,,"Laconia, NH"
1539,Belknap County,NH,202401,1606.17,0.0076,,"Laconia, NH"
1539,Belknap County,NH,202402,1670.48,0.04,,"Laconia, NH"
1539,Belknap County,NH,202403,1693.18,0.0136,0.1216,"Laconia, NH"
1539,Belknap County,NH,202404,1726.61,0.0197,0.1046,"Laconia, NH"
1539,Belknap County,NH,202405,1698.22,-0.0164,0.0776,"Laconia, NH"
1539,Belknap County,NH,202406,1724.63,0.0156,0.1131,"Laconia, NH"
1539,Belknap County,NH,202407,1731.57,0.004,0.0967,"Laconia, NH"
1539,Belknap County,NH,202408,1750.97,0.0112,0.0987,"Laconia, NH"
1539,Belknap County,NH,202409,1720.55,-0.0174,0.0744,"Laconia, NH"
1539,Belknap County,NH,202410,1688.18,-0.0188,0.0773,"Laconia, NH"
1539,Belknap County,NH,202411,1673.42,-0.0087,0.0666,"Laconia, NH"
1539,Belknap County,NH,202412,1681.92,0.0051,0.0551,"Laconia, NH"
1539,Belknap County,NH,202501,1701.54,0.0117,0.0594,"Laconia, NH"
1539,Belknap County,NH,202502,1714.28,0.0075,0.0262,"Laconia, NH"
1539,Belknap County,NH,202503,1750.37,0.0211,0.0338,"Laconia, NH"
1539,Belknap County,NH,202504,1773.03,0.0129,0.0269,"Laconia, NH"
1539,Belknap County,NH,202505,1767.08,-0.0034,0.0405,"Laconia, NH"
1539,Belknap County,NH,202506,1688.85,-0.0443,-0.0208,"Laconia, NH"
1539,Belknap County,NH,202507,1693.67,0.0029,-0.0219,"Laconia, NH"
1539,Belknap County,NH,202508,1722.66,0.0171,-0.0162,"Laconia, NH"
1539,Belknap County,NH,202509,1788.33,0.0381,0.0394,"Laconia, NH"
1539,Belknap County,NH,202510,1739.05,-0.0276,0.0301,"Laconia, NH"
1539,Belknap County,NH,202511,1733.0,-0.0035,0.0356,"Laconia, NH"
1539,Belknap County,NH,202512,1742.13,0.0053,0.0358,"Laconia, NH"
1539,Belknap County,NH,202601,1833.89,0.0527,0.0778,"Laconia, NH"
1598,Carroll County,NH,202512,2035.56,,,
1598,Carroll County,NH,202601,2000.0,-0.0175,,
1729,Grafton County,NH,202301,1925.36,,,"Lebanon, NH-VT"
1729,Grafton County,NH,202302,1912.25,-0.0068,,"Lebanon, NH-VT"
1729,Grafton County,NH,202303,1939.66,0.0143,,"Lebanon, NH-VT"
1729,Grafton County,NH,202304,1949.16,0.0049,,"Lebanon, NH-VT"
1729,Grafton County,NH,202305,1943.17,-0.0031,,"Lebanon, NH-VT"
1729,Grafton County,NH,202306,1941.15,-0.001,,"Lebanon, NH-VT"
1729,Grafton County,NH,202307,1979.59,0.0198,,"Lebanon, NH-VT"
1729,Grafton County,NH,202308,2057.13,0.0392,,"Lebanon, NH-VT"
1729,Grafton County,NH,202309,2068.85,0.0057,,"Lebanon, NH-VT"
1729,Grafton County,NH,202310,2082.88,0.0068,,"Lebanon, NH-VT"
1729,Grafton County,NH,202311,2036.34,-0.0223,,"Lebanon, NH-VT"
1729,Grafton County,NH,202312,2047.13,0.0053,,"Lebanon, NH-VT"
1729,Grafton County,NH,202401,2019.61,-0.0134,0.049,"Lebanon, NH-VT"
1729,Grafton County,NH,202402,2057.28,0.0187,0.0758,"Lebanon, NH-VT"
1729,Grafton County,NH,202403,2074.15,0.0082,0.0693,"Lebanon, NH-VT"
1729,Grafton County,NH,202404,2101.13,0.013,0.078,"Lebanon, NH-VT"
1729,Grafton County,NH,202405,2096.76,-0.0021,0.079,"Lebanon, NH-VT"
1729,Grafton County,NH,202406,2109.04,0.0059,0.0865,"Lebanon, NH-VT"
1729,Grafton County,NH,202407,2102.77,-0.003,0.0622,"Lebanon, NH-VT"
1729,Grafton County,NH,202408,2097.62,-0.0024,0.0197,"Lebanon, NH-VT"
1729,Grafton County,NH,202409,1998.27,-0.0474,-0.0341,"Lebanon, NH-VT"
1729,Grafton County,NH,202410,2014.5,0.0081,-0.0328,"Lebanon, NH-VT"
1729,Grafton County,NH,202411,2046.45,0.0159,0.005,"Lebanon, NH-VT"
1729,Grafton County,NH,202412,2167.48,0.0591,0.0588,"Lebanon, NH-VT"
1729,Grafton County,NH,202501,2151.62,-0.0073,0.0654,"Lebanon, NH-VT"
1729,Grafton County,NH,202502,2165.93,0.0066,0.0528,"Lebanon, NH-VT"
1729,Grafton County,NH,202503,2173.36,0.0034,0.0478,"Lebanon, NH-VT"
1729,Grafton County,NH,202504,2256.28,0.0382,0.0738,"Lebanon, NH-VT"
1729,Grafton County,NH,202505,2240.11,-0.0072,0.0684,"Lebanon, NH-VT"
1729,Grafton County,NH,202506,2253.89,0.0062,0.0687,"Lebanon, NH-VT"
1729,Grafton County,NH,202507,2227.91,-0.0115,0.0595,"Lebanon, NH-VT"
1729,Grafton County,NH,202508,2190.17,-0.0169,0.0441,"Lebanon, NH-VT"
1729,Grafton County,NH,202509,2190.92,0.0003,0.0964,"Lebanon, NH-VT"
1729,Grafton County,NH,202510,2197.75,0.0031,0.091,"Lebanon, NH-VT"
1729,Grafton County,NH,202511,2295.82,0.0446,0.1219,"Lebanon, NH-VT"
1729,Grafton County,NH,202512,2223.82,-0.0314,0.026,"Lebanon, NH-VT"
1729,Grafton County,NH,202601,2278.79,0.0247,0.0591,"Lebanon, NH-VT"
2195,Cheshire County,NH,202201,1539.78,,,"Keene, NH"
2195,Cheshire County,NH,202202,1536.05,-0.0024,,"Keene, NH"
2195,Cheshire County,NH,202203,1510.18,-0.0168,,"Keene, NH"
2195,Cheshire County,NH,202204,1549.64,0.0261,,"Keene, NH"
2195,Cheshire County,NH,202205,1579.01,0.019,,"Keene, NH"
2195,Cheshire County,NH,202206,1607.49,0.018,,"Keene, NH"
2195,Cheshire County,NH,202207,1591.35,-0.01,,"Keene, NH"
2195,Cheshire County,NH,202208,1588.38,-0.0019,,"Keene, NH"
2195,Cheshire County,NH,202209,1599.01,0.0067,,"Keene, NH"
2195,Cheshire County,NH,202210,1616.02,0.0106,,"Keene, NH"
2195,Cheshire County,NH,202211,1605.68,-0.0064,,"Keene, NH"
2195,Cheshire County,NH,202212,1601.65,-0.0025,,"Keene, NH"
2195,Cheshire County,NH,202301,1612.42,0.0067,0.0472,"Keene, NH"
2195,Cheshire County,NH,202302,1634.99,0.014,0.0644,"Keene, NH"
2195,Cheshire County,NH,202303,1646.51,0.007,0.0903,"Keene, NH"
2195,Cheshire County,NH,202304,1652.56,0.0037,0.0664,"Keene, NH"
2195,Cheshire County,NH,202305,1640.39,-0.0074,0.0389,"Keene, NH"
2195,Cheshire County,NH,202306,1640.73,0.0002,0.0207,"Keene, NH"
2195,Cheshire County,NH,202307,1679.42,0.0236,0.0553,"Keene, NH"
2195,Cheshire County,NH,202308,1690.95,0.0069,0.0646,"Keene, NH"
2195,Cheshire County,NH,202309,1712.25,0.0126,0.0708,"Keene, NH"
2195,Cheshire County,NH,202310,1689.37,-0.0134,0.0454,"Keene, NH"
2195,Cheshire County,NH,202311,1718.7,0.0174,0.0704,"Keene, NH"
2195,Cheshire County,NH,202312,1721.31,0.0015,0.0747,"Keene, NH"
2195,Cheshire County,NH,202401,1719.16,-0.0013,0.0662,"Keene, NH"
2195,Cheshire County,NH,202402,1721.63,0.0014,0.053,"Keene, NH"
2195,Cheshire County,NH,202403,1727.75,0.0036,0.0493,"Keene, NH"
2195,Cheshire County,NH,202404,1748.09,0.0118,0.0578,"Keene, NH"
2195,Cheshire County,NH,202405,1770.28,0.0127,0.0792,"Keene, NH"
2195,Cheshire County,NH,202406,1771.81,0.0009,0.0799,"Keene, NH"
2195,Cheshire County,NH,202407,1775.02,0.0018,0.0569,"Keene, NH"
2195,Cheshire County,NH,202408,1780.89,0.0033,0.0532,"Keene, NH"
2195,Cheshire County,NH,202409,1792.84,0.0067,0.0471,"Keene, NH"
2195,Cheshire County,NH,202410,1796.6,0.0021,0.0635,"Keene, NH"
2195,Cheshire County,NH,202411,1795.19,-0.0008,0.0445,"Keene, NH"
2195,Cheshire County,NH,202412,1801.18,0.0033,0.0464,"Keene, NH"
2195,Cheshire County,NH,202501,1831.77,0.017,0.0655,"Keene, NH"
2195,Cheshire County,NH,202502,1818.62,-0.0072,0.0563,"Keene, NH"
2195,Cheshire County,NH,202503,1827.43,0.0048,0.0577,"Keene, NH"
2195,Cheshire County,NH,202504,1823.28,-0.0023,0.043,"Keene, NH"
2195,Cheshire County,NH,202505,1840.04,0.0092,0.0394,"Keene, NH"
2195,Cheshire County,NH,202506,1872.35,0.0176,0.0567,"Keene, NH"
2195,Cheshire County,NH,202507,1877.58,0.0028,0.0578,"Keene, NH"
2195,Cheshire County,NH,202508,1899.09,0.0115,0.0664,"Keene, NH"
2195,Cheshire County,NH,202509,1896.05,-0.0016,0.0576,"Keene, NH"
2195,Cheshire County,NH,202510,1876.55,-0.0103,0.0445,"Keene, NH"
2195,Cheshire County,NH,202511,1870.98,-0.003,0.0422,"Keene, NH"
2195,Cheshire County,NH,202512,1878.24,0.0039,0.0428,"Keene, NH"
2195,Cheshire County,NH,202601,1894.93,0.0089,0.0345,"Keene, NH"
2566,Sullivan County,NH,202311,1522.67,,,"Lebanon, NH-VT"
2566,Sullivan County,NH,202312,1488.76,-0.0223,,"Lebanon, NH-VT"
2566,Sullivan County,NH,202401,1507.39,0.0125,,"Lebanon, NH-VT"
2566,Sullivan County,NH,202402,1516.76,0.0062,,"Lebanon, NH-VT"
2566,Sullivan County,NH,202403,1569.14,0.0345,,"Lebanon, NH-VT"
2566,Sullivan County,NH,202404,1582.95,0.0088,,"Lebanon, NH-VT"
2566,Sullivan County,NH,202405,1569.03,-0.0088,,"Lebanon, NH-VT"
2566,Sullivan County,NH,202406,1571.81,0.0018,,"Lebanon, NH-VT"
2566,Sullivan County,NH,202407,1579.53,0.0049,,"Lebanon, NH-VT"
2566,Sullivan County,NH,202408,1582.13,0.0016,,"Lebanon, NH-VT"
2566,Sullivan County,NH,202409,1587.85,0.0036,,"Lebanon, NH-VT"
2566,Sullivan County,NH,202410,1573.45,-0.0091,,"Lebanon, NH-VT"
2566,Sullivan County,NH,202411,1596.61,0.0147,0.0486,"Lebanon, NH-VT"
2566,Sullivan County,NH,202412,1631.54,0.0219,0.0959,"Lebanon, NH-VT"
2566,Sullivan County,NH,202501,1641.35,0.006,0.0889,"Lebanon, NH-VT"
2566,Sullivan County,NH,202502,1647.62,0.0038,0.0863,"Lebanon, NH-VT"
2566,Sullivan County,NH,202503,1653.53,0.0036,0.0538,"Lebanon, NH-VT"
2566,Sullivan County,NH,202504,1666.93,0.0081,0.0531,"Lebanon, NH-VT"
2566,Sullivan County,NH,202505,1686.98,0.012,0.0752,"Lebanon, NH-VT"
2566,Sullivan County,NH,202506,1675.51,-0.0068,0.066,"Lebanon, NH-VT"
2566,Sullivan County,NH,202507,1672.1,-0.002,0.0586,"Lebanon, NH-VT"
2566,Sullivan County,NH,202508,1668.25,-0.0023,0.0544,"Lebanon, NH-VT"
2566,Sullivan County,NH,202509,1661.92,-0.0038,0.0467,"Lebanon, NH-VT"
2566,Sullivan County,NH,202510,1680.69,0.0113,0.0682,"Lebanon, NH-VT"
2566,Sullivan County,NH,202511,1695.12,0.0086,0.0617,"Lebanon, NH-VT"
2566,Sullivan County,NH,202512,1686.14,-0.0053,0.0335,"Lebanon, NH-VT"
2566,Sullivan County,NH,202601,1654.31,-0.0189,0.0079,"Lebanon, NH-VT"
2799,Merrimack County,NH,202202,1538.7,,,"Concord, NH"
2799,Merrimack County,NH,202203,1556.07,0.0113,,"Concord, NH"
2799,Merrimack County,NH,202204,1623.18,0.0431,,"Concord, NH"
2799,Merrimack County,NH,202205,1663.27,0.0247,,"Concord, NH"
2799,Merrimack County,NH,202206,1704.93,0.0251,,"Concord, NH"
2799,Merrimack County,NH,202207,1710.31,0.0032,,"Concord, NH"
2799,Merrimack County,NH,202208,1709.26,-0.0006,,"Concord, NH"
2799,Merrimack County,NH,202209,1656.61,-0.0308,,"Concord, NH"
2799,Merrimack County,NH,202210,1650.55,-0.0037,,"Concord, NH"
2799,Merrimack County,NH,202211,1647.66,-0.0018,,"Concord, NH"
2799,Merrimack County,NH,202212,1695.57,0.0291,,"Concord, NH"
2799,Merrimack County,NH,202301,1727.72,0.019,,"Concord, NH"
2799,Merrimack County,NH,202302,1750.24,0.013,0.1375,"Concord, NH"
2799,Merrimack County,NH,202303,1768.15,0.0102,0.1363,"Concord, NH"
2799,Merrimack County,NH,202304,1751.61,-0.0094,0.0791,"Concord, NH"
2799,Merrimack County,NH,202305,1757.12,0.0031,0.0564,"Concord, NH"
2799,Merrimack County,NH,202306,1776.54,0.011,0.042,"Concord, NH"
2799,Merrimack County,NH,202307,1776.11,-0.0002,0.0385,"Concord, NH"
2799,Merrimack County,NH,202308,1790.17,0.0079,0.0473,"Concord, NH"
2799,Merrimack County,NH,202309,1785.23,-0.0028,0.0776,"Concord, NH"
2799,Merrimack County,NH,202310,1787.19,0.0011,0.0828,"Concord, NH"
2799,Merrimack County,NH,202311,1780.53,-0.0037,0.0806,"Concord, NH"
2799,Merrimack County,NH,202312,1792.23,0.0066,0.057,"Concord, NH"
2799,Merrimack County,NH,202401,1807.09,0.0083,0.0459,"Concord, NH"
2799,Merrimack County,NH,202402,1819.74,0.007,0.0397,"Concord, NH"
2799,Merrimack County,NH,202403,1806.11,-0.0075,0.0215,"Concord, NH"
2799,Merrimack County,NH,202404,1825.35,0.0107,0.0421,"Concord, NH"
2799,Merrimack County,NH,202405,1836.92,0.0063,0.0454,"Concord, NH"
2799,Merrimack County,NH,202406,1870.32,0.0182,0.0528,"Concord, NH"
2799,Merrimack County,NH,202407,1877.78,0.004,0.0572,"Concord, NH"
2799,Merrimack County,NH,202408,1878.45,0.0004,0.0493,"Concord, NH"
2799,Merrimack County,NH,202409,1866.01,-0.0066,0.0452,"Concord, NH"
2799,Merrimack County,NH,202410,1866.33,0.0002,0.0443,"Concord, NH"
2799,Merrimack County,NH,202411,1874.37,0.0043,0.0527,"Concord, NH"
2799,Merrimack County,NH,202412,1893.16,0.01,0.0563,"Concord, NH"
2799,Merrimack County,NH,202501,1911.34,0.0096,0.0577,"Concord, NH"
2799,Merrimack County,NH,202502,1944.48,0.0173,0.0685,"Concord, NH"
2799,Merrimack County,NH,202503,1956.74,0.0063,0.0834,"Concord, NH"
2799,Merrimack County,NH,202504,1962.77,0.0031,0.0753,"Concord, NH"
2799,Merrimack County,NH,202505,1959.55,-0.0016,0.0668,"Concord, NH"
2799,Merrimack County,NH,202506,1962.46,0.0015,0.0493,"Concord, NH"
2799,Merrimack County,NH,202507,1950.55,-0.0061,0.0388,"Concord, NH"
2799,Merrimack County,NH,202508,1930.12,-0.0105,0.0275,"Concord, NH"
2799,Merrimack County,NH,202509,1935.89,0.003,0.0374,"Concord, NH"
2799,Merrimack County,NH,202510,1930.38,-0.0028,0.0343,"Concord, NH"
2799,Merrimack County,NH,202511,1952.11,0.0113,0.0415,"Concord, NH"
2799,Merrimack County,NH,202512,1948.0,-0.0021,0.029,"Concord, NH"
2799,Merrimack County,NH,202601,1979.19,0.016,0.0355,"Concord, NH"
2851,Strafford County,NH,201501,952.86,,,"Boston-Cambridge-Newton, MA-NH"
2851,Strafford County,NH,201502,993.86,0.043,,"Boston-Cambridge-Newton, MA-NH"
2851,Strafford County,NH,201503,1013.17,0.0194,,"Boston-Cambridge-Newton, MA-NH"
2851,Strafford County,NH,201504,1028.56,0.0152,,"Boston-Cambridge-Newton, MA-NH"
2851,Strafford County,NH,201505,1038.74,0.0099,,"Boston-Cambridge-Newton, MA-NH"
2851,Strafford County,NH,201506,1037.38,-0.0013,,"Boston-Cambridge-Newton, MA-NH"
2851,Strafford County,NH,201507,1045.57,0.0079,,"Boston-Cambridge-Newton, MA-NH"
2851,Strafford County,NH,201508,1053.7,0.0078,,"Boston-Cambridge-Newton, MA-NH"
2851,Strafford County,NH,201509,1054.95,0.0012,,"Boston-Cambridge-Newton, MA-NH"
2851,Strafford County,NH,201510,1055.03,0.0001,,"Boston-Cambridge-Newton, MA-NH"
2851,Strafford County,NH,201511,1046.22,-0.0084,,"Boston-Cambridge-Newton, MA-NH"
2851,Strafford County,NH,201512,1053.63,0.0071,,"Boston-Cambridge-Newton, MA-NH"
2851,Strafford County,NH,201601,1059.51,0.0056,0.1119,"Boston-Cambridge-Newton, MA-NH"
2851,Strafford County,NH,201602,1053.91,-0.0053,0.0604,"Boston-Cambridge-Newton, MA-NH"
2851,Strafford County,NH,201603,1045.02,-0.0084,0.0314,"Boston-Cambridge-Newton, MA-NH"
2851,Strafford County,NH,201604,1050.76,0.0055,0.0216,"Boston-Cambridge-Newton, MA-NH"
2851,Strafford County,NH,201605,1075.09,0.0232,0.035,"Boston-Cambridge-Newton, MA-NH"
2851,Strafford County,NH,201606,1092.26,0.016,0.0529,"Boston-Cambridge-Newton, MA-NH"
2851,Strafford County,NH,201607,1099.88,0.007,0.0519,"Boston-Cambridge-Newton, MA-NH"
2851,Strafford County,NH,201608,1110.43,0.0096,0.0538,"Boston-Cambridge-Newton, MA-NH"
2851,Strafford County,NH,201609,1108.3,-0.0019,0.0506,"Boston-Cambridge-Newton, MA-NH"
2851,Strafford County,NH,201610,1098.75,-0.0086,0.0414,"Boston-Cambridge-Newton, MA-NH"
2851,Strafford County,NH,201611,1088.71,-0.0091,0.0406,"Boston-Cambridge-Newton, MA-NH"
2851,Strafford County,NH,201612,1077.38,-0.0104,0.0225,"Boston-Cambridge-Newton, MA-NH"
2851,Strafford County,NH,201701,1101.15,0.0221,0.0393,"Boston-Cambridge-Newton, MA-NH"
2851,Strafford County,NH,201702,1120.98,0.018,0.0636,"Boston-Cambridge-Newton, MA-NH"
2851,Strafford County,NH,201703,1151.07,0.0268,0.1015,"Boston-Cambridge-Newton, MA-NH"
2851,Strafford County,NH,201704,1147.0,-0.0035,0.0916,"Boston-Cambridge-Newton, MA-NH"
2851,Strafford County,NH,201705,1148.23,0.0011,0.068,"Boston-Cambridge-Newton, MA-NH"
2851,Strafford County,NH,201706,1162.24,0.0122,0.0641,"Boston-Cambridge-Newton, MA-NH"
2851,Strafford County,NH,201707,1173.6,0.0098,0.067,"Boston-Cambridge-Newton, MA-NH"
2851,Strafford County,NH,201708,1179.47,0.005,0.0622,"Boston-Cambridge-Newton, MA-NH"
2851,Strafford County,NH,201709,1182.24,0.0023,0.0667,"Boston-Cambridge-Newton, MA-NH"
2851,Strafford County,NH,201710,1180.34,-0.0016,0.0743,"Boston-Cambridge-Newton, MA-NH"
2851,Strafford County,NH,201711,1168.27,-0.0102,0.0731,"Boston-Cambridge-Newton, MA-NH"
2851,Strafford County,NH,201712,1154.37,-0.0119,0.0715,"Boston-Cambridge-Newton, MA-NH"
2851,Strafford County,NH,201801,1154.14,-0.0002,0.0481,"Boston-Cambridge-Newton, MA-NH"
2851,Strafford County,NH,201802,1169.21,0.0131,0.043,"Boston-Cambridge-Newton, MA-NH"
2851,Strafford County,NH,201803,1184.06,0.0127,0.0287,"Boston-Cambridge-Newton, MA-NH"
2851,Strafford County,NH,201804,1202.88,0.0159,0.0487,"Boston-Cambridge-Newton, MA-NH"
2851,Strafford County,NH,201805,1210.38,0.0062,0.0541,"Boston-Cambridge-Newton, MA-NH"
2851,Strafford County,NH,201806,1222.39,0.0099,0.0517,"Boston-Cambridge-Newton, MA-NH"
2851,Strafford County,NH,201807,1223.15,0.0006,0.0422,"Boston-Cambridge-Newton, MA-NH"
2851,Strafford County,NH,201808,1227.08,0.0032,0.0404,"Boston-Cambridge-Newton, MA-NH"
2851,Strafford County,NH,201809,1226.23,-0.0007,0.0372,"Boston-Cambridge-Newton, MA-NH"
2851,Strafford County,NH,201810,1215.75,-0.0085,0.03,"Boston-Cambridge-Newton, MA-NH"
2851,Strafford County,NH,201811,1207.8,-0.0065,0.0338,"Boston-Cambridge-Newton, MA-NH"
2851,Strafford County,NH,201812,1205.87,-0.0016,0.0446,"Boston-Cambridge-Newton, MA-NH"
2851,Strafford County,NH,201901,1216.16,0.0085,0.0537,"Boston-Cambridge-Newton, MA-NH"
2851,Strafford County,NH,201902,1224.19,0.0066,0.047,"Boston-Cambridge-Newton, MA-NH"
2851,Strafford County,NH,201903,1261.64,0.0306,0.0655,"Boston-Cambridge-Newton, MA-NH"
2851,Strafford County,NH,201904,1275.34,0.0109,0.0602,"Boston-Cambridge-Newton, MA-NH"
2851,Strafford County,NH,201905,1296.7,0.0167,0.0713,"Boston-Cambridge-Newton, MA-NH"
2851,Strafford County,NH,201906,1283.64,-0.0101,0.0501,"Boston-Cambridge-Newton, MA-NH"
2851,Strafford County,NH,201907,1295.13,0.009,0.0589,"Boston-Cambridge-Newton, MA-NH"
2851,Strafford County,NH,201908,1288.76,-0.0049,0.0503,"Boston-Cambridge-Newton, MA-NH"
2851,Strafford County,NH,201909,1299.15,0.0081,0.0595,"Boston-Cambridge-Newton, MA-NH"
2851,Strafford County,NH,201910,1287.03,-0.0093,0.0586,"Boston-Cambridge-Newton, MA-NH"
2851,Strafford County,NH,201911,1306.21,0.0149,0.0815,"Boston-Cambridge-Newton, MA-NH"
2851,Strafford County,NH,201912,1293.31,-0.0099,0.0725,"Boston-Cambridge-Newton, MA-NH"
2851,Strafford County,NH,202001,1306.55,0.0102,0.0743,"Boston-Cambridge-Newton, MA-NH"
2851,Strafford County,NH,202002,1323.02,0.0126,0.0807,"Boston-Cambridge-Newton, MA-NH"
2851,Strafford County,NH,202003,1360.66,0.0285,0.0785,"Boston-Cambridge-Newton, MA-NH"
2851,Strafford County,NH,202004,1357.54,-0.0023,0.0645,"Boston-Cambridge-Newton, MA-NH"
2851,Strafford County,NH,202005,1344.85,-0.0094,0.0371,"Boston-Cambridge-Newton, MA-NH"
2851,Strafford County,NH,202006,1323.37,-0.016,0.031,"Boston-Cambridge-Newton, MA-NH"
2851,Strafford County,NH,202007,1367.51,0.0333,0.0559,"Boston-Cambridge-Newton, MA-NH"
2851,Strafford County,NH,202008,1381.23,0.01,0.0717,"Boston-Cambridge-Newton, MA-NH"
2851,Strafford County,NH,202009,1401.99,0.015,0.0792,"Boston-Cambridge-Newton, MA-NH"
2851,Strafford County,NH,202010,1399.64,-0.0017,0.0875,"Boston-Cambridge-Newton, MA-NH"
2851,Strafford County,NH,202011,1392.14,-0.0054,0.0658,"Boston-Cambridge-Newton, MA-NH"
2851,Strafford County,NH,202012,1392.11,-0.0,0.0764,"Boston-Cambridge-Newton, MA-NH"
2851,Strafford County,NH,202101,1396.06,0.0028,0.0685,"Boston-Cambridge-Newton, MA-NH"
2851,Strafford County,NH,202102,1441.97,0.0329,0.0899,"Boston-Cambridge-Newton, MA-NH"
2851,Strafford County,NH,202103,1449.38,0.0051,0.0652,"Boston-Cambridge-Newton, MA-NH"
2851,Strafford County,NH,202104,1452.74,0.0023,0.0701,"Boston-Cambridge-Newton, MA-NH"
2851,Strafford County,NH,202105,1475.89,0.0159,0.0974,"Boston-Cambridge-Newton, MA-NH"
2851,Strafford County,NH,202106,1516.19,0.0273,0.1457,"Boston-Cambridge-Newton, MA-NH"
2851,Strafford County,NH,202107,1555.84,0.0262,0.1377,"Boston-Cambridge-Newton, MA-NH"
2851,Strafford County,NH,202108,1543.7,-0.0078,0.1176,"Boston-Cambridge-Newton, MA-NH"
2851,Strafford County,NH,202109,1558.37,0.0095,0.1115,"Boston-Cambridge-Newton, MA-NH"
2851,Strafford County,NH,202110,1566.95,0.0055,0.1195,"Boston-Cambridge-Newton, MA-NH"
2851,Strafford County,NH,202111,1581.69,0.0094,0.1362,"Boston-Cambridge-Newton, MA-NH"
2851,Strafford County,NH,202112,1571.16,-0.0067,0.1286,"Boston-Cambridge-Newton, MA-NH"
2851,Strafford County,NH,202201,1567.55,-0.0023,0.1228,"Boston-Cambridge-Newton, MA-NH"
2851,Strafford County,NH,202202,1585.32,0.0113,0.0994,"Boston-Cambridge-Newton, MA-NH"
2851,Strafford County,NH,202203,1627.83,0.0268,0.1231,"Boston-Cambridge-Newton, MA-NH"
2851,Strafford County,NH,202204,1677.2,0.0303,0.1545,"Boston-Cambridge-Newton, MA-NH"
2851,Strafford County,NH,202205,1708.19,0.0185,0.1574,"Boston-Cambridge-Newton, MA-NH"
2851,Strafford County,NH,202206,1739.43,0.0183,0.1472,"Boston-Cambridge-Newton, MA-NH"
2851,Strafford County,NH,202207,1774.15,0.02,0.1403,"Boston-Cambridge-Newton, MA-NH"
2851,Strafford County,NH,202208,1790.43,0.0092,0.1598,"Boston-Cambridge-Newton, MA-NH"
2851,Strafford County,NH,202209,1781.51,-0.005,0.1432,"Boston-Cambridge-Newton, MA-NH"
2851,Strafford County,NH,202210,1742.07,-0.0221,0.1118,"Boston-Cambridge-Newton, MA-NH"
2851,Strafford County,NH,202211,1759.09,0.0098,0.1122,"Boston-Cambridge-Newton, MA-NH"
2851,Strafford County,NH,202212,1762.18,0.0018,0.1216,"Boston-Cambridge-Newton, MA-NH"
2851,Strafford County,NH,202301,1779.68,0.0099,0.1353,"Boston-Cambridge-Newton, MA-NH"
2851,Strafford County,NH,202302,1778.91,-0.0004,0.1221,"Boston-Cambridge-Newton, MA-NH"
2851,Strafford County,NH,202303,1802.97,0.0135,0.1076,"Boston-Cambridge-Newton, MA-NH"
2851,Strafford County,NH,202304,1837.28,0.019,0.0954,"Boston-Cambridge-Newton, MA-NH"
2851,Strafford County,NH,202305,1850.91,0.0074,0.0835,"Boston-Cambridge-Newton, MA-NH"
2851,Strafford County,NH,202306,1885.22,0.0185,0.0838,"Boston-Cambridge-Newton, MA-NH"
2851,Strafford County,NH,202307,1899.16,0.0074,0.0705,"Boston-Cambridge-Newton, MA-NH"
2851,Strafford County,NH,202308,1913.26,0.0074,0.0686,"Boston-Cambridge-Newton, MA-NH"
2851,Strafford County,NH,202309,1900.5,-0.0067,0.0668,"Boston-Cambridge-Newton, MA-NH"
2851,Strafford County,NH,202310,1891.51,-0.0047,0.0858,"Boston-Cambridge-Newton, MA-NH"
2851,Strafford County,NH,202311,1890.22,-0.0007,0.0745,"Boston-Cambridge-Newton, MA-NH"
2851,Strafford County,NH,202312,1918.35,0.0149,0.0886,"Boston-Cambridge-Newton, MA-NH"
2851,Strafford County,NH,202401,1928.62,0.0054,0.0837,"Boston-Cambridge-Newton, MA-NH"
2851,Strafford County,NH,202402,1946.35,0.0092,0.0941,"Boston-Cambridge-Newton, MA-NH"
2851,Strafford County,NH,202403,1975.75,0.0151,0.0958,"Boston-Cambridge-Newton, MA-NH"
2851,Strafford County,NH,202404,1996.55,0.0105,0.0867,"Boston-Cambridge-Newton, MA-NH"
2851,Strafford County,NH,202405,2015.66,0.0096,0.089,"Boston-Cambridge-Newton, MA-NH"
2851,Strafford County,NH,202406,2003.28,-0.0061,0.0626,"Boston-Cambridge-Newton, MA-NH"
2851,Strafford County,NH,202407,2016.63,0.0067,0.0618,"Boston-Cambridge-Newton, MA-NH"
2851,Strafford County,NH,202408,2035.01,0.0091,0.0636,"Boston-Cambridge-Newton, MA-NH"
2851,Strafford County,NH,202409,2027.15,-0.0039,0.0666,"Boston-Cambridge-Newton, MA-NH"
2851,Strafford County,NH,202410,2036.2,0.0045,0.0765,"Boston-Cambridge-Newton, MA-NH"
2851,Strafford County,NH,202411,2008.81,-0.0134,0.0627,"Boston-Cambridge-Newton, MA-NH"
2851,Strafford County,NH,202412,2013.07,0.0021,0.0494,"Boston-Cambridge-Newton, MA-NH"
2851,Strafford County,NH,202501,2008.13,-0.0025,0.0412,"Boston-Cambridge-Newton, MA-NH"
2851,Strafford County,NH,202502,2015.87,0.0039,0.0357,"Boston-Cambridge-Newton, MA-NH"
2851,Strafford County,NH,202503,2047.79,0.0158,0.0365,"Boston-Cambridge-Newton, MA-NH"
2851,Strafford County,NH,202504,2080.74,0.0161,0.0422,"Boston-Cambridge-Newton, MA-NH"
2851,Strafford County,NH,202505,2099.79,0.0092,0.0417,"Boston-Cambridge-Newton, MA-NH"
2851,Strafford County,NH,202506,2103.84,0.0019,0.0502,"Boston-Cambridge-Newton, MA-NH"
2851,Strafford County,NH,202507,2099.92,-0.0019,0.0413,"Boston-Cambridge-Newton, MA-NH"
2851,Strafford County,NH,202508,2130.35,0.0145,0.0468,"Boston-Cambridge-Newton, MA-NH"
2851,Strafford County,NH,202509,2138.05,0.0036,0.0547,"Boston-Cambridge-Newton, MA-NH"
2851,Strafford County,NH,202510,2138.43,0.0002,0.0502,"Boston-Cambridge-Newton, MA-NH"
2851,Strafford County,NH,202511,2105.66,-0.0153,0.0482,"Boston-Cambridge-Newton, MA-NH"
2851,Strafford County,NH,202512,2072.42,-0.0158,0.0295,"Boston-Cambridge-Newton, MA-NH"
2851,Strafford County,NH,202601,2062.54,-0.0048,0.0271,"Boston-Cambridge-Newton, MA-NH"
3013,Rockingham County,NH,201501,1265.02,,,"Boston-Cambridge-Newton, MA-NH"
3013,Rockingham County,NH,201502,1275.35,0.0082,,"Boston-Cambridge-Newton, MA-NH"
3013,Rockingham County,NH,201503,1286.86,0.009,,"Boston-Cambridge-Newton, MA-NH"
3013,Rockingham County,NH,201504,1298.1,0.0087,,"Boston-Cambridge-Newton, MA-NH"
3013,Rockingham County,NH,201505,1311.66,0.0104,,"Boston-Cambridge-Newton, MA-NH"
3013,Rockingham County,NH,201506,1316.47,0.0037,,"Boston-Cambridge-Newton, MA-NH"
3013,Rockingham County,NH,201507,1317.66,0.0009,,"Boston-Cambridge-Newton, MA-NH"
3013,Rockingham County,NH,201508,1339.58,0.0166,,"Boston-Cambridge-Newton, MA-NH"
3013,Rockingham County,NH,201509,1316.83,-0.017,,"Boston-Cambridge-Newton, MA-NH"
3013,Rockingham County,NH,201510,1322.05,0.004,,"Boston-Cambridge-Newton, MA-NH"
3013,Rockingham County,NH,201511,1332.41,0.0078,,"Boston-Cambridge-Newton, MA-NH"
3013,Rockingham County,NH,201512,1346.68,0.0107,,"Boston-Cambridge-Newton, MA-NH"
3013,Rockingham County,NH,201601,1347.05,0.0003,0.0648,"Boston-Cambridge-Newton, MA-NH"
3013,Rockingham County,NH,201602,1342.95,-0.003,0.053,"Boston-Cambridge-Newton, MA-NH"
3013,Rockingham County,NH,201603,1363.74,0.0155,0.0597,"Boston-Cambridge-Newton, MA-NH"
3013,Rockingham County,NH,201604,1366.11,0.0017,0.0524,"Boston-Cambridge-Newton, MA-NH"
3013,Rockingham County,NH,201605,1368.86,0.002,0.0436,"Boston-Cambridge-Newton, MA-NH"
3013,Rockingham County,NH,201606,1387.4,0.0136,0.0539,"Boston-Cambridge-Newton, MA-NH"
3013,Rockingham County,NH,201607,1425.29,0.0273,0.0817,"Boston-Cambridge-Newton, MA-NH"
3013,Rockingham County,NH,201608,1430.88,0.0039,0.0682,"Boston-Cambridge-Newton, MA-NH"
3013,Rockingham County,NH,201609,1426.4,-0.0031,0.0832,"Boston-Cambridge-Newton, MA-NH"
3013,Rockingham County,NH,201610,1416.0,-0.0073,0.0711,"Boston-Cambridge-Newton, MA-NH"
3013,Rockingham County,NH,201611,1424.47,0.006,0.0691,"Boston-Cambridge-Newton, MA-NH"
3013,Rockingham County,NH,201612,1420.9,-0.0025,0.0551,"Boston-Cambridge-Newton, MA-NH"
3013,Rockingham County,NH,201701,1425.54,0.0033,0.0583,"Boston-Cambridge-Newton, MA-NH"
3013,Rockingham County,NH,201702,1419.15,-0.0045,0.0567,"Boston-Cambridge-Newton, MA-NH"
3013,Rockingham County,NH,201703,1433.05,0.0098,0.0508,"Boston-Cambridge-Newton, MA-NH"
3013,Rockingham County,NH,201704,1453.33,0.0142,0.0638,"Boston-Cambridge-Newton, MA-NH"
3013,Rockingham County,NH,201705,1478.29,0.0172,0.0799,"Boston-Cambridge-Newton, MA-NH"
3013,Rockingham County,NH,201706,1486.44,0.0055,0.0714,"Boston-Cambridge-Newton, MA-NH"
3013,Rockingham County,NH,201707,1500.01,0.0091,0.0524,"Boston-Cambridge-Newton, MA-NH"
3013,Rockingham County,NH,201708,1501.51,0.001,0.0494,"Boston-Cambridge-Newton, MA-NH"
3013,Rockingham County,NH,201709,1528.52,0.018,0.0716,"Boston-Cambridge-Newton, MA-NH"
3013,Rockingham County,NH,201710,1521.1,-0.0048,0.0742,"Boston-Cambridge-Newton, MA-NH"
3013,Rockingham County,NH,201711,1522.72,0.0011,0.069,"Boston-Cambridge-Newton, MA-NH"
3013,Rockingham County,NH,201712,1482.93,-0.0261,0.0437,"Boston-Cambridge-Newton, MA-NH"
3013,Rockingham County,NH,201801,1481.69,-0.0008,0.0394,"Boston-Cambridge-Newton, MA-NH"
3013,Rockingham County,NH,201802,1484.63,0.002,0.0461,"Boston-Cambridge-Newton, MA-NH"
3013,Rockingham County,NH,201803,1514.72,0.0203,0.057,"Boston-Cambridge-Newton, MA-NH"
3013,Rockingham County,NH,201804,1533.63,0.0125,0.0552,"Boston-Cambridge-Newton, MA-NH"
3013,Rockingham County,NH,201805,1537.62,0.0026,0.0401,"Boston-Cambridge-Newton, MA-NH"
3013,Rockingham County,NH,201806,1555.8,0.0118,0.0467,"Boston-Cambridge-Newton, MA-NH"
3013,Rockingham County,NH,201807,1568.04,0.0079,0.0454,"Boston-Cambridge-Newton, MA-NH"
3013,Rockingham County,NH,201808,1580.59,0.008,0.0527,"Boston-Cambridge-Newton, MA-NH"
3013,Rockingham County,NH,201809,1575.59,-0.0032,0.0308,"Boston-Cambridge-Newton, MA-NH"
3013,Rockingham County,NH,201810,1570.85,-0.003,0.0327,"Boston-Cambridge-Newton, MA-NH"
3013,Rockingham County,NH,201811,1559.92,-0.007,0.0244,"Boston-Cambridge-Newton, MA-NH"
3013,Rockingham County,NH,201812,1554.67,-0.0034,0.0484,"Boston-Cambridge-Newton, MA-NH"
3013,Rockingham County,NH,201901,1561.81,0.0046,0.0541,"Boston-Cambridge-Newton, MA-NH"
3013,Rockingham County,NH,201902,1576.36,0.0093,0.0618,"Boston-Cambridge-Newton, MA-NH"
3013,Rockingham County,NH,201903,1591.69,0.0097,0.0508,"Boston-Cambridge-Newton, MA-NH"
3013,Rockingham County,NH,201904,1588.25,-0.0022,0.0356,"Boston-Cambridge-Newton, MA-NH"
3013,Rockingham County,NH,201905,1609.85,0.0136,0.047,"Boston-Cambridge-Newton, MA-NH"
3013,Rockingham County,NH,201906,1623.34,0.0084,0.0434,"Boston-Cambridge-Newton, MA-NH"
3013,Rockingham County,NH,201907,1644.99,0.0133,0.0491,"Boston-Cambridge-Newton, MA-NH"
3013,Rockingham County,NH,201908,1657.52,0.0076,0.0487,"Boston-Cambridge-Newton, MA-NH"
3013,Rockingham County,NH,201909,1657.4,-0.0001,0.0519,"Boston-Cambridge-Newton, MA-NH"
3013,Rockingham County,NH,201910,1659.26,0.0011,0.0563,"Boston-Cambridge-Newton, MA-NH"
3013,Rockingham County,NH,201911,1648.86,-0.0063,0.057,"Boston-Cambridge-Newton, MA-NH"
3013,Rockingham County,NH,201912,1647.3,-0.0009,0.0596,"Boston-Cambridge-Newton, MA-NH"
3013,Rockingham County,NH,202001,1645.37,-0.0012,0.0535,"Boston-Cambridge-Newton, MA-NH"
3013,Rockingham County,NH,202002,1672.02,0.0162,0.0607,"Boston-Cambridge-Newton, MA-NH"
3013,Rockingham County,NH,202003,1695.01,0.0138,0.0649,"Boston-Cambridge-Newton, MA-NH"
3013,Rockingham County,NH,202004,1686.9,-0.0048,0.0621,"Boston-Cambridge-Newton, MA-NH"
3013,Rockingham County,NH,202005,1690.3,0.002,0.05,"Boston-Cambridge-Newton, MA-NH"
3013,Rockingham County,NH,202006,1692.54,0.0013,0.0426,"Boston-Cambridge-Newton, MA-NH"
3013,Rockingham County,NH,202007,1708.14,0.0092,0.0384,"Boston-Cambridge-Newton, MA-NH"
3013,Rockingham County,NH,202008,1699.55,-0.005,0.0254,"Boston-Cambridge-Newton, MA-NH"
3013,Rockingham County,NH,202009,1696.04,-0.0021,0.0233,"Boston-Cambridge-Newton, MA-NH"
3013,Rockingham County,NH,202010,1719.04,0.0136,0.036,"Boston-Cambridge-Newton, MA-NH"
3013,Rockingham County,NH,202011,1725.98,0.004,0.0468,"Boston-Cambridge-Newton, MA-NH"
3013,Rockingham County,NH,202012,1746.98,0.0122,0.0605,"Boston-Cambridge-Newton, MA-NH"
3013,Rockingham County,NH,202101,1741.77,-0.003,0.0586,"Boston-Cambridge-Newton, MA-NH"
3013,Rockingham County,NH,202102,1742.45,0.0004,0.0421,"Boston-Cambridge-Newton, MA-NH"
3013,Rockingham County,NH,202103,1741.03,-0.0008,0.0271,"Boston-Cambridge-Newton, MA-NH"
3013,Rockingham County,NH,202104,1766.14,0.0144,0.047,"Boston-Cambridge-Newton, MA-NH"
3013,Rockingham County,NH,202105,1815.94,0.0282,0.0743,"Boston-Cambridge-Newton, MA-NH"
3013,Rockingham County,NH,202106,1868.61,0.029,0.104,"Boston-Cambridge-Newton, MA-NH"
3013,Rockingham County,NH,202107,1915.95,0.0253,0.1217,"Boston-Cambridge-Newton, MA-NH"
3013,Rockingham County,NH,202108,1940.57,0.0129,0.1418,"Boston-Cambridge-Newton, MA-NH"
3013,Rockingham County,NH,202109,1952.1,0.0059,0.151,"Boston-Cambridge-Newton, MA-NH"
3013,Rockingham County,NH,202110,1955.26,0.0016,0.1374,"Boston-Cambridge-Newton, MA-NH"
3013,Rockingham County,NH,202111,1964.82,0.0049,0.1384,"Boston-Cambridge-Newton, MA-NH"
3013,Rockingham County,NH,202112,1979.84,0.0076,0.1333,"Boston-Cambridge-Newton, MA-NH"
3013,Rockingham County,NH,202201,1992.59,0.0064,0.144,"Boston-Cambridge-Newton, MA-NH"
3013,Rockingham County,NH,202202,2002.73,0.0051,0.1494,"Boston-Cambridge-Newton, MA-NH"
3013,Rockingham County,NH,202203,2022.95,0.0101,0.1619,"Boston-Cambridge-Newton, MA-NH"
3013,Rockingham County,NH,202204,2062.21,0.0194,0.1676,"Boston-Cambridge-Newton, MA-NH"
3013,Rockingham County,NH,202205,2099.99,0.0183,0.1564,"Boston-Cambridge-Newton, MA-NH"
3013,Rockingham County,NH,202206,2129.93,0.0143,0.1398,"Boston-Cambridge-Newton, MA-NH"
3013,Rockingham County,NH,202207,2149.35,0.0091,0.1218,"Boston-Cambridge-Newton, MA-NH"
3013,Rockingham County,NH,202208,2156.11,0.0031,0.1111,"Boston-Cambridge-Newton, MA-NH"
3013,Rockingham County,NH,202209,2139.39,-0.0078,0.0959,"Boston-Cambridge-Newton, MA-NH"
3013,Rockingham County,NH,202210,2126.47,-0.006,0.0876,"Boston-Cambridge-Newton, MA-NH"
3013,Rockingham County,NH,202211,2112.32,-0.0067,0.0751,"Boston-Cambridge-Newton, MA-NH"
3013,Rockingham County,NH,202212,2092.99,-0.0092,0.0572,"Boston-Cambridge-Newton, MA-NH"
3013,Rockingham County,NH,202301,2127.05,0.0163,0.0675,"Boston-Cambridge-Newton, MA-NH"
3013,Rockingham County,NH,202302,2146.6,0.0092,0.0718,"Boston-Cambridge-Newton, MA-NH"
3013,Rockingham County,NH,202303,2197.35,0.0236,0.0862,"Boston-Cambridge-Newton, MA-NH"
3013,Rockingham County,NH,202304,2184.34,-0.0059,0.0592,"Boston-Cambridge-Newton, MA-NH"
3013,Rockingham County,NH,202305,2196.49,0.0056,0.046,"Boston-Cambridge-Newton, MA-NH"
3013,Rockingham County,NH,202306,2214.29,0.0081,0.0396,"Boston-Cambridge-Newton, MA-NH"
3013,Rockingham County,NH,202307,2225.92,0.0052,0.0356,"Boston-Cambridge-Newton, MA-NH"
3013,Rockingham County,NH,202308,2232.13,0.0028,0.0353,"Boston-Cambridge-Newton, MA-NH"
3013,Rockingham County,NH,202309,2233.68,0.0007,0.0441,"Boston-Cambridge-Newton, MA-NH"
3013,Rockingham County,NH,202310,2233.2,-0.0002,0.0502,"Boston-Cambridge-Newton, MA-NH"
3013,Rockingham County,NH,202311,2241.34,0.0036,0.0611,"Boston-Cambridge-Newton, MA-NH"
3013,Rockingham County,NH,202312,2219.58,-0.0097,0.0605,"Boston-Cambridge-Newton, MA-NH"
3013,Rockingham County,NH,202401,2220.57,0.0004,0.044,"Boston-Cambridge-Newton, MA-NH"
3013,Rockingham County,NH,202402,2234.04,0.0061,0.0407,"Boston-Cambridge-Newton, MA-NH"
3013,Rockingham County,NH,202403,2274.81,0.0183,0.0353,"Boston-Cambridge-Newton, MA-NH"
3013,Rockingham County,NH,202404,2310.39,0.0156,0.0577,"Boston-Cambridge-Newton, MA-NH"
3013,Rockingham County,NH,202405,2326.06,0.0068,0.059,"Boston-Cambridge-Newton, MA-NH"
3013,Rockingham County,NH,202406,2335.07,0.0039,0.0545,"Boston-Cambridge-Newton, MA-NH"
3013,Rockingham County,NH,202407,2349.53,0.0062,0.0555,"Boston-Cambridge-Newton, MA-NH"
3013,Rockingham County,NH,202408,2355.3,0.0025,0.0552,"Boston-Cambridge-Newton, MA-NH"
3013,Rockingham County,NH,202409,2361.66,0.0027,0.0573,"Boston-Cambridge-Newton, MA-NH"
3013,Rockingham County,NH,202410,2338.94,-0.0096,0.0474,"Boston-Cambridge-Newton, MA-NH"
3013,Rockingham County,NH,202411,2325.67,-0.0057,0.0376,"Boston-Cambridge-Newton, MA-NH"
3013,Rockingham County,NH,202412,2313.0,-0.0054,0.0421,"Boston-Cambridge-Newton, MA-NH"
3013,Rockingham County,NH,202501,2318.39,0.0023,0.0441,"Boston-Cambridge-Newton, MA-NH"
3013,Rockingham County,NH,202502,2341.89,0.0101,0.0483,"Boston-Cambridge-Newton, MA-NH"
3013,Rockingham County,NH,202503,2359.98,0.0077,0.0374,"Boston-Cambridge-Newton, MA-NH"
3013,Rockingham County,NH,202504,2395.57,0.0151,0.0369,"Boston-Cambridge-Newton, MA-NH"
3013,Rockingham County,NH,202505,2409.97,0.006,0.0361,"Boston-Cambridge-Newton, MA-NH"
3013,Rockingham County,NH,202506,2425.58,0.0065,0.0388,"Boston-Cambridge-Newton, MA-NH"
3013,Rockingham County,NH,202507,2433.71,0.0034,0.0358,"Boston-Cambridge-Newton, MA-NH"
3013,Rockingham County,NH,202508,2453.31,0.0081,0.0416,"Boston-Cambridge-Newton, MA-NH"
3013,Rockingham County,NH,202509,2438.18,-0.0062,0.0324,"Boston-Cambridge-Newton, MA-NH"
3013,Rockingham County,NH,202510,2430.72,-0.0031,0.0392,"Boston-Cambridge-Newton, MA-NH"
3013,Rockingham County,NH,202511,2399.75,-0.0127,0.0319,"Boston-Cambridge-Newton, MA-NH"
3013,Rockingham County,NH,202512,2391.88,-0.0033,0.0341,"Boston-Cambridge-Newton, MA-NH"
3013,Rockingham County,NH,202601,2377.44,-0.006,0.0255,"Boston-Cambridge-Newton, MA-NH"
3166,Hillsborough County,NH,201501,1062.65,,,"Manchester-Nashua, NH"
3166,Hillsborough County,NH,201502,1063.83,0.0011,,"Manchester-Nashua, NH"
3166,Hillsborough County,NH,201503,1077.14,0.0125,,"Manchester-Nashua, NH"
3166,Hillsborough County,NH,201504,1079.59,0.0023,,"Manchester-Nashua, NH"
3166,Hillsborough County,NH,201505,1091.46,0.011,,"Manchester-Nashua, NH"
3166,Hillsborough County,NH,201506,1092.07,0.0006,,"Manchester-Nashua, NH"
3166,Hillsborough County,NH,201507,1104.09,0.011,,"Manchester-Nashua, NH"
3166,Hillsborough County,NH,201508,1109.5,0.0049,,"Manchester-Nashua, NH"
3166,Hillsborough County,NH,201509,1116.35,0.0062,,"Manchester-Nashua, NH"
3166,Hillsborough County,NH,201510,1110.44,-0.0053,,"Manchester-Nashua, NH"
3166,Hillsborough County,NH,201511,1106.63,-0.0034,,"Manchester-Nashua, NH"
3166,Hillsborough County,NH,201512,1111.17,0.0041,,"Manchester-Nashua, NH"
3166,Hillsborough County,NH,201601,1114.82,0.0033,0.0491,"Manchester-Nashua, NH"
3166,Hillsborough County,NH,201602,1131.45,0.0149,0.0636,"Manchester-Nashua, NH"
3166,Hillsborough County,NH,201603,1128.79,-0.0024,0.0479,"Manchester-Nashua, NH"
3166,Hillsborough County,NH,201604,1130.05,0.0011,0.0467,"Manchester-Nashua, NH"
3166,Hillsborough County,NH,201605,1123.81,-0.0055,0.0296,"Manchester-Nashua, NH"
3166,Hillsborough County,NH,201606,1128.46,0.0041,0.0333,"Manchester-Nashua, NH"
3166,Hillsborough County,NH,201607,1144.9,0.0146,0.037,"Manchester-Nashua, NH"
3166,Hillsborough County,NH,201608,1161.56,0.0145,0.0469,"Manchester-Nashua, NH"
3166,Hillsborough County,NH,201609,1171.1,0.0082,0.049,"Manchester-Nashua, NH"
3166,Hillsborough County,NH,201610,1175.88,0.0041,0.0589,"Manchester-Nashua, NH"
3166,Hillsborough County,NH,201611,1165.01,-0.0092,0.0528,"Manchester-Nashua, NH"
3166,Hillsborough County,NH,201612,1164.69,-0.0003,0.0482,"Manchester-Nashua, NH"
3166,Hillsborough County,NH,201701,1154.73,-0.0085,0.0358,"Manchester-Nashua, NH"
3166,Hillsborough County,NH,201702,1166.16,0.0099,0.0307,"Manchester-Nashua, NH"
3166,Hillsborough County,NH,201703,1178.54,0.0106,0.0441,"Manchester-Nashua, NH"
3166,Hillsborough County,NH,201704,1195.48,0.0144,0.0579,"Manchester-Nashua, NH"
3166,Hillsborough County,NH,201705,1198.98,0.0029,0.0669,"Manchester-Nashua, NH"
3166,Hillsborough County,NH,201706,1201.0,0.0017,0.0643,"Manchester-Nashua, NH"
3166,Hillsborough County,NH,201707,1205.37,0.0036,0.0528,"Manchester-Nashua, NH"
3166,Hillsborough County,NH,201708,1210.83,0.0045,0.0424,"Manchester-Nashua, NH"
3166,Hillsborough County,NH,201709,1214.71,0.0032,0.0372,"Manchester-Nashua, NH"
3166,Hillsborough County,NH,201710,1217.76,0.0025,0.0356,"Manchester-Nashua, NH"
3166,Hillsborough County,NH,201711,1213.13,-0.0038,0.0413,"Manchester-Nashua, NH"
3166,Hillsborough County,NH,201712,1208.53,-0.0038,0.0376,"Manchester-Nashua, NH"
3166,Hillsborough County,NH,201801,1211.86,0.0028,0.0495,"Manchester-Nashua, NH"
3166,Hillsborough County,NH,201802,1215.95,0.0034,0.0427,"Manchester-Nashua, NH"
3166,Hillsborough County,NH,201803,1236.56,0.017,0.0492,"Manchester-Nashua, NH"
3166,Hillsborough County,NH,201804,1247.4,0.0088,0.0434,"Manchester-Nashua, NH"
3166,Hillsborough County,NH,201805,1274.68,0.0219,0.0631,"Manchester-Nashua, NH"
3166,Hillsborough County,NH,201806,1279.52,0.0038,0.0654,"Manchester-Nashua, NH"
3166,Hillsborough County,NH,201807,1291.76,0.0096,0.0717,"Manchester-Nashua, NH"
3166,Hillsborough County,NH,201808,1282.65,-0.007,0.0593,"Manchester-Nashua, NH"
3166,Hillsborough County,NH,201809,1285.32,0.0021,0.0581,"Manchester-Nashua, NH"
3166,Hillsborough County,NH,201810,1292.87,0.0059,0.0617,"Manchester-Nashua, NH"
3166,Hillsborough County,NH,201811,1299.46,0.0051,0.0712,"Manchester-Nashua, NH"
3166,Hillsborough County,NH,201812,1302.17,0.0021,0.0775,"Manchester-Nashua, NH"
3166,Hillsborough County,NH,201901,1285.85,-0.0125,0.0611,"Manchester-Nashua, NH"
3166,Hillsborough County,NH,201902,1293.33,0.0058,0.0636,"Manchester-Nashua, NH"
3166,Hillsborough County,NH,201903,1296.4,0.0024,0.0484,"Manchester-Nashua, NH"
3166,Hillsborough County,NH,201904,1314.76,0.0142,0.054,"Manchester-Nashua, NH"
3166,Hillsborough County,NH,201905,1321.15,0.0049,0.0365,"Manchester-Nashua, NH"
3166,Hillsborough County,NH,201906,1334.16,0.0098,0.0427,"Manchester-Nashua, NH"
3166,Hillsborough County,NH,201907,1342.64,0.0064,0.0394,"Manchester-Nashua, NH"
3166,Hillsborough County,NH,201908,1362.86,0.0151,0.0625,"Manchester-Nashua, NH"
3166,Hillsborough County,NH,201909,1366.98,0.003,0.0635,"Manchester-Nashua, NH"
3166,Hillsborough County,NH,201910,1370.54,0.0026,0.0601,"Manchester-Nashua, NH"
3166,Hillsborough County,NH,201911,1363.81,-0.0049,0.0495,"Manchester-Nashua, NH"
3166,Hillsborough County,NH,201912,1377.17,0.0098,0.0576,"Manchester-Nashua, NH"
3166,Hillsborough County,NH,202001,1370.89,-0.0046,0.0661,"Manchester-Nashua, NH"
3166,Hillsborough County,NH,202002,1376.65,0.0042,0.0644,"Manchester-Nashua, NH"
3166,Hillsborough County,NH,202003,1376.89,0.0002,0.0621,"Manchester-Nashua, NH"
3166,Hillsborough County,NH,202004,1386.92,0.0073,0.0549,"Manchester-Nashua, NH"
3166,Hillsborough County,NH,202005,1390.15,0.0023,0.0522,"Manchester-Nashua, NH"
3166,Hillsborough County,NH,202006,1391.35,0.0009,0.0429,"Manchester-Nashua, NH"
3166,Hillsborough County,NH,202007,1401.58,0.0074,0.0439,"Manchester-Nashua, NH"
3166,Hillsborough County,NH,202008,1408.89,0.0052,0.0338,"Manchester-Nashua, NH"
3166,Hillsborough County,NH,202009,1425.35,0.0117,0.0427,"Manchester-Nashua, NH"
3166,Hillsborough County,NH,202010,1445.42,0.0141,0.0546,"Manchester-Nashua, NH"
3166,Hillsborough County,NH,202011,1454.0,0.0059,0.0661,"Manchester-Nashua, NH"
3166,Hillsborough County,NH,202012,1470.36,0.0113,0.0677,"Manchester-Nashua, NH"
3166,Hillsborough County,NH,202101,1476.28,0.004,0.0769,"Manchester-Nashua, NH"
3166,Hillsborough County,NH,202102,1489.38,0.0089,0.0819,"Manchester-Nashua, NH"
3166,Hillsborough County,NH,202103,1490.61,0.0008,0.0826,"Manchester-Nashua, NH"
3166,Hillsborough County,NH,202104,1508.63,0.0121,0.0878,"Manchester-Nashua, NH"
3166,Hillsborough County,NH,202105,1541.99,0.0221,0.1092,"Manchester-Nashua, NH"
3166,Hillsborough County,NH,202106,1579.6,0.0244,0.1353,"Manchester-Nashua, NH"
3166,Hillsborough County,NH,202107,1612.35,0.0207,0.1504,"Manchester-Nashua, NH"
3166,Hillsborough County,NH,202108,1651.87,0.0245,0.1725,"Manchester-Nashua, NH"
3166,Hillsborough County,NH,202109,1680.21,0.0172,0.1788,"Manchester-Nashua, NH"
3166,Hillsborough County,NH,202110,1703.58,0.0139,0.1786,"Manchester-Nashua, NH"
3166,Hillsborough County,NH,202111,1703.38,-0.0001,0.1715,"Manchester-Nashua, NH"
3166,Hillsborough County,NH,202112,1708.25,0.0029,0.1618,"Manchester-Nashua, NH"
3166,Hillsborough County,NH,202201,1716.28,0.0047,0.1626,"Manchester-Nashua, NH"
3166,Hillsborough County,NH,202202,1741.35,0.0146,0.1692,"Manchester-Nashua, NH"
3166,Hillsborough County,NH,202203,1766.14,0.0142,0.1848,"Manchester-Nashua, NH"
3166,Hillsborough County,NH,202204,1786.73,0.0117,0.1843,"Manchester-Nashua, NH"
3166,Hillsborough County,NH,202205,1797.35,0.0059,0.1656,"Manchester-Nashua, NH"
3166,Hillsborough County,NH,202206,1806.13,0.0049,0.1434,"Manchester-Nashua, NH"
3166,Hillsborough County,NH,202207,1812.47,0.0035,0.1241,"Manchester-Nashua, NH"
3166,Hillsborough County,NH,202208,1820.33,0.0043,0.102,"Manchester-Nashua, NH"
3166,Hillsborough County,NH,202209,1823.84,0.0019,0.0855,"Manchester-Nashua, NH"
3166,Hillsborough County,NH,202210,1824.74,0.0005,0.0711,"Manchester-Nashua, NH"
3166,Hillsborough County,NH,202211,1818.68,-0.0033,0.0677,"Manchester-Nashua, NH"
3166,Hillsborough County,NH,202212,1821.06,0.0013,0.066,"Manchester-Nashua, NH"
3166,Hillsborough County,NH,202301,1841.01,0.011,0.0727,"Manchester-Nashua, NH"
3166,Hillsborough County,NH,202302,1864.42,0.0127,0.0707,"Manchester-Nashua, NH"
3166,Hillsborough County,NH,202303,1884.3,0.0107,0.0669,"Manchester-Nashua, NH"
3166,Hillsborough County,NH,202304,1897.92,0.0072,0.0622,"Manchester-Nashua, NH"
3166,Hillsborough County,NH,202305,1907.84,0.0052,0.0615,"Manchester-Nashua, NH"
3166,Hillsborough County,NH,202306,1912.61,0.0025,0.059,"Manchester-Nashua, NH"
3166,Hillsborough County,NH,202307,1915.72,0.0016,0.057,"Manchester-Nashua, NH"
3166,Hillsborough County,NH,202308,1919.45,0.0019,0.0544,"Manchester-Nashua, NH"
3166,Hillsborough County,NH,202309,1928.2,0.0046,0.0572,"Manchester-Nashua, NH"
3166,Hillsborough County,NH,202310,1925.07,-0.0016,0.055,"Manchester-Nashua, NH"
3166,Hillsborough County,NH,202311,1928.42,0.0017,0.0603,"Manchester-Nashua, NH"
3166,Hillsborough County,NH,202312,1927.26,-0.0006,0.0583,"Manchester-Nashua, NH"
3166,Hillsborough County,NH,202401,1936.44,0.0048,0.0518,"Manchester-Nashua, NH"
3166,Hillsborough County,NH,202402,1940.2,0.0019,0.0406,"Manchester-Nashua, NH"
3166,Hillsborough County,NH,202403,1946.93,0.0035,0.0332,"Manchester-Nashua, NH"
3166,Hillsborough County,NH,202404,1957.6,0.0055,0.0314,"Manchester-Nashua, NH"
3166,Hillsborough County,NH,202405,1973.66,0.0082,0.0345,"Manchester-Nashua, NH"
3166,Hillsborough County,NH,202406,1990.13,0.0083,0.0405,"Manchester-Nashua, NH"
3166,Hillsborough County,NH,202407,2003.28,0.0066,0.0457,"Manchester-Nashua, NH"
3166,Hillsborough County,NH,202408,2015.14,0.0059,0.0499,"Manchester-Nashua, NH"
3166,Hillsborough County,NH,202409,2018.37,0.0016,0.0468,"Manchester-Nashua, NH"
3166,Hillsborough County,NH,202410,2017.75,-0.0003,0.0481,"Manchester-Nashua, NH"
3166,Hillsborough County,NH,202411,2002.55,-0.0075,0.0384,"Manchester-Nashua, NH"
3166,Hillsborough County,NH,202412,2005.28,0.0014,0.0405,"Manchester-Nashua, NH"
3166,Hillsborough County,NH,202501,1998.92,-0.0032,0.0323,"Manchester-Nashua, NH"
3166,Hillsborough County,NH,202502,2019.4,0.0102,0.0408,"Manchester-Nashua, NH"
3166,Hillsborough County,NH,202503,2029.15,0.0048,0.0422,"Manchester-Nashua, NH"
3166,Hillsborough County,NH,202504,2052.46,0.0115,0.0485,"Manchester-Nashua, NH"
3166,Hillsborough County,NH,202505,2059.2,0.0033,0.0433,"Manchester-Nashua, NH"
3166,Hillsborough County,NH,202506,2069.38,0.0049,0.0398,"Manchester-Nashua, NH"
3166,Hillsborough County,NH,202507,2067.92,-0.0007,0.0323,"Manchester-Nashua, NH"
3166,Hillsborough County,NH,202508,2060.53,-0.0036,0.0225,"Manchester-Nashua, NH"
3166,Hillsborough County,NH,202509,2060.87,0.0002,0.0211,"Manchester-Nashua, NH"
3166,Hillsborough County,NH,202510,2063.51,0.0013,0.0227,"Manchester-Nashua, NH"
3166,Hillsborough County,NH,202511,2077.48,0.0068,0.0374,"Manchester-Nashua, NH"
3166,Hillsborough County,NH,202512,2085.69,0.004,0.0401,"Manchester-Nashua, NH"
3166,Hillsborough County,NH,202601,2088.23,0.0012,0.0447,"Manchester-Nashua, NH"
