RegionID,RegionName,State,month_date_yyyymm,zori,zori_mm,zori_yy,City,Metro,CountyName
59003,3038,NH,202212,1721.65,,,Derry,"Boston-Cambridge-Newton, MA-NH",Rockingham County
59003,3038,NH,202301,1728.42,0.0039,,Derry,"Boston-Cambridge-Newton, MA-NH",Rockingham County
59003,3038,NH,202302,1772.51,0.0255,,Derry,"Boston-Cambridge-Newton, MA-NH",Rockingham County
59003,3038,NH,202303,1846.18,0.0416,,Derry,"Boston-Cambridge-Newton, MA-NH",Rockingham County
59003,3038,NH,202304,1866.3,0.0109,,Derry,"Boston-Cambridge-Newton, MA-NH",Rockingham County
59003,3038,NH,202305,1850.03,-0.0087,,Derry,"Boston-Cambridge-Newton, MA-NH",Rockingham County
59003,3038,NH,202306,1829.43,-0.0111,,Derry,"Boston-Cambridge-Newton, MA-NH",Rockingham County
59003,3038,NH,202307,1813.9,-0.0085,,Derry,"Boston-Cambridge-Newton, MA-NH",Rockingham County
59003,3038,NH,202308,1848.28,0.019,,Derry,"Boston-Cambridge-Newton, MA-NH",Rockingham County
59003,3038,NH,202309,1825.89,-0.0121,,Derry,"Boston-Cambridge-Newton, MA-NH",Rockingham County
59003,3038,NH,202310,1837.09,0.0061,,Derry,"Boston-Cambridge-Newton, MA-NH",Rockingham County
59003,3038,NH,202311,1812.55,-0.0134,,Derry,"Boston-Cambridge-Newton, MA-NH",Rockingham County
59003,3038,NH,202312,1833.32,0.0115,0.0649,Derry,"Boston-Cambridge-Newton, MA-NH",Rockingham County
59003,3038,NH,202401,1829.57,-0.002,0.0585,Derry,"Boston-Cambridge-Newton, MA-NH",Rockingham County
59003,3038,NH,202402,1876.86,0.0258,0.0589,Derry,"Boston-Cambridge-Newton, MA-NH",Rockingham County
59003,3038,NH,202403,1880.02,0.0017,0.0183,Derry,"Boston-Cambridge-Newton, MA-NH",Rockingham County
59003,3038,NH,202404,1913.9,0.018,0.0255,Derry,"Boston-Cambridge-Newton, MA-NH",Rockingham County
59003,3038,NH,202405,1906.73,-0.0037,0.0307,Derry,"Boston-Cambridge-Newton, MA-NH",Rockingham County
59003,3038,NH,202406,1938.69,0.0168,0.0597,Derry,"Boston-Cambridge-Newton, MA-NH",Rockingham County
59003,3038,NH,202407,1939.96,0.0007,0.0695,Derry,"Boston-Cambridge-Newton, MA-NH",Rockingham County
59003,3038,NH,202408,1926.69,-0.0068,0.0424,Derry,"Boston-Cambridge-Newton, MA-NH",Rockingham County
59003,3038,NH,202409,1922.13,-0.0024,0.0527,Derry,"Boston-Cambridge-Newton, MA-NH",Rockingham County
59003,3038,NH,202410,1882.13,-0.0208,0.0245,Derry,"Boston-Cambridge-Newton, MA-NH",Rockingham County
59003,3038,NH,202411,1895.57,0.0071,0.0458,Derry,"Boston-Cambridge-Newton, MA-NH",Rockingham County
59003,3038,NH,202412,1882.48,-0.0069,0.0268,Derry,"Boston-Cambridge-Newton, MA-NH",Rockingham County
59003,3038,NH,202501,1923.68,0.0219,0.0514,Derry,"Boston-Cambridge-Newton, MA-NH",Rockingham County
59003,3038,NH,202502,1943.3,0.0102,0.0354,Derry,"Boston-Cambridge-Newton, MA-NH",Rockingham County
59003,3038,NH,202503,1978.82,0.0183,0.0526,Derry,"Boston-Cambridge-Newton, MA-NH",Rockingham County
59003,3038,NH,202504,1990.43,0.0059,0.04,Derry,"Boston-Cambridge-Newton, MA-NH",Rockingham County
59003,3038,NH,202505,1985.82,-0.0023,0.0415,Derry,"Boston-Cambridge-Newton, MA-NH",Rockingham County
59003,3038,NH,202506,1986.2,0.0002,0.0245,Derry,"Boston-Cambridge-Newton, MA-NH",Rockingham County
59003,3038,NH,202507,1981.29,-0.0025,0.0213,Derry,"Boston-Cambridge-Newton, MA-NH",Rockingham County
59003,3038,NH,202508,2018.81,0.0189,0.0478,Derry,"Boston-Cambridge-Newton, MA-NH",Rockingham County
59003,3038,NH,202509,1993.66,-0.0125,0.0372,Derry,"Boston-Cambridge-Newton, MA-NH",Rockingham County
59003,3038,NH,202510,2012.08,0.0092,0.069,Derry,"Boston-Cambridge-Newton, MA-NH",Rockingham County
59003,3038,NH,202511,1955.53,-0.0281,0.0316,Derry,"Boston-Cambridge-Newton, MA-NH",Rockingham County
59003,3038,NH,202512,1961.49,0.003,0.042,Derry,"Boston-Cambridge-Newton, MA-NH",Rockingham County
59003,3038,NH,202601,1952.0,-0.0048,0.0147,Derry,"Boston-Cambridge-Newton, MA-NH",Rockingham County
59017,3054,NH,202302,2235.8,,,Merrimack,"Manchester-Nashua, NH",Hillsborough County
59017,3054,NH,202303,2275.09,0.0176,,Merrimack,"Manchester-Nashua, NH",Hillsborough County
59017,3054,NH,202304,2267.94,-0.0031,,Merrimack,"Manchester-Nashua, NH",Hillsborough County
59017,3054,NH,202305,2280.25,0.0054,,Merrimack,"Manchester-Nashua, NH",Hillsborough County
59017,3054,NH,202306,2287.87,0.0033,,Merrimack,"Manchester-Nashua, NH",Hillsborough County
59017,3054,NH,202307,2337.51,0.0217,,Merrimack,"Manchester-Nashua, NH",Hillsborough County
59017,3054,NH,202308,2372.85,0.0151,,Merrimack,"Manchester-Nashua, NH",Hillsborough County
59017,3054,NH,202309,2362.25,-0.0045,,Merrimack,"Manchester-Nashua, NH",Hillsborough County
59017,3054,NH,202310,2349.43,-0.0054,,Merrimack,"Manchester-Nashua, NH",Hillsborough County
59017,3054,NH,202311,2329.97,-0.0083,,Merrimack,"Manchester-Nashua, NH",Hillsborough County
59017,3054,NH,202312,2364.76,0.0149,,Merrimack,"Manchester-Nashua, NH",Hillsborough County
59017,3054,NH,202401,2378.62,0.0059,,Merrimack,"Manchester-Nashua, NH",Hillsborough County
59017,3054,NH,202402,2431.19,0.0221,0.0874,Merrimack,"Manchester-Nashua, NH",Hillsborough County
59017,3054,NH,202403,2460.53,0.0121,0.0815,Merrimack,"Manchester-Nashua, NH",Hillsborough County
59017,3054,NH,202404,2488.47,0.0114,0.0972,Merrimack,"Manchester-Nashua, NH",Hillsborough County
59017,3054,NH,202405,2465.22,-0.0093,0.0811,Merrimack,"Manchester-Nashua, NH",Hillsborough County
59017,3054,NH,202406,2453.35,-0.0048,0.0723,Merrimack,"Manchester-Nashua, NH",Hillsborough County
59017,3054,NH,202407,2479.69,0.0107,0.0608,Merrimack,"Manchester-Nashua, NH",Hillsborough County
59017,3054,NH,202408,2479.95,0.0001,0.0451,Merrimack,"Manchester-Nashua, NH",Hillsborough County
59017,3054,NH,202409,2466.62,-0.0054,0.0442,Merrimack,"Manchester-Nashua, NH",Hillsborough County
59017,3054,NH,202410,2427.14,-0.016,0.0331,Merrimack,"Manchester-Nashua, NH",Hillsborough County
59017,3054,NH,202411,2435.74,0.0035,0.0454,Merrimack,"Manchester-Nashua, NH",Hillsborough County
59017,3054,NH,202412,2411.43,-0.01,0.0197,Merrimack,"Manchester-Nashua, NH",Hillsborough County
59017,3054,NH,202501,2380.89,-0.0127,0.001,Merrimack,"Manchester-Nashua, NH",Hillsborough County
59017,3054,NH,202502,2377.58,-0.0014,-0.0221,Merrimack,"Manchester-Nashua, NH",Hillsborough County
59017,3054,NH,202503,2419.61,0.0177,-0.0166,Merrimack,"Manchester-Nashua, NH",Hillsborough County
59017,3054,NH,202504,2470.86,0.0212,-0.0071,Merrimack,"Manchester-Nashua, NH",Hillsborough County
59017,3054,NH,202505,2512.93,0.017,0.0194,Merrimack,"Manchester-Nashua, NH",Hillsborough County
59017,3054,NH,202506,2520.52,0.003,0.0274,Merrimack,"Manchester-Nashua, NH",Hillsborough County
59017,3054,NH,202507,2526.65,0.0024,0.0189,Merrimack,"Manchester-Nashua, NH",Hillsborough County
59017,3054,NH,202508,2518.37,-0.0033,0.0155,Merrimack,"Manchester-Nashua, NH",Hillsborough County
59017,3054,NH,202509,2503.12,-0.0061,0.0148,Merrimack,"Manchester-Nashua, NH",Hillsborough County
59017,3054,NH,202510,2495.76,-0.0029,0.0283,Merrimack,"Manchester-Nashua, NH",Hillsborough County
59017,3054,NH,202511,2516.59,0.0083,0.0332,Merrimack,"Manchester-Nashua, NH",Hillsborough County
59017,3054,NH,202512,2505.63,-0.0044,0.0391,Merrimack,"Manchester-Nashua, NH",Hillsborough County
59017,3054,NH,202601,2520.56,0.006,0.0587,Merrimack,"Manchester-Nashua, NH",Hillsborough County
59020,3060,NH,202110,1670.62,,,Nashua,"Manchester-Nashua, NH",Hillsborough County
59020,3060,NH,202111,1683.02,0.0074,,Nashua,"Manchester-Nashua, NH",Hillsborough County
59020,3060,NH,202112,1678.44,-0.0027,,Nashua,"Manchester-Nashua, NH",Hillsborough County
59020,3060,NH,202201,1703.68,0.015,,Nashua,"Manchester-Nashua, NH",Hillsborough County
59020,3060,NH,202202,1733.71,0.0176,,Nashua,"Manchester-Nashua, NH",Hillsborough County
59020,3060,NH,202203,1781.79,0.0277,,Nashua,"Manchester-Nashua, NH",Hillsborough County
59020,3060,NH,202204,1782.03,0.0001,,Nashua,"Manchester-Nashua, NH",Hillsborough County
59020,3060,NH,202205,1774.5,-0.0042,,Nashua,"Manchester-Nashua, NH",Hillsborough County
59020,3060,NH,202206,1784.84,0.0058,,Nashua,"Manchester-Nashua, NH",Hillsborough County
59020,3060,NH,202207,1789.75,0.0027,,Nashua,"Manchester-Nashua, NH",Hillsborough County
59020,3060,NH,202208,1795.02,0.0029,,Nashua,"Manchester-Nashua, NH",Hillsborough County
59020,3060,NH,202209,1757.94,-0.0207,,Nashua,"Manchester-Nashua, NH",Hillsborough County
59020,3060,NH,202210,1735.88,-0.0125,0.0391,Nashua,"Manchester-Nashua, NH",Hillsborough County
59020,3060,NH,202211,1731.91,-0.0023,0.029,Nashua,"Manchester-Nashua, NH",Hillsborough County
59020,3060,NH,202212,1744.12,0.0071,0.0391,Nashua,"Manchester-Nashua, NH",Hillsborough County
59020,3060,NH,202301,1760.81,0.0096,0.0335,Nashua,"Manchester-Nashua, NH",Hillsborough County
59020,3060,NH,202302,1790.64,0.0169,0.0328,Nashua,"Manchester-Nashua, NH",Hillsborough County
59020,3060,NH,202303,1823.95,0.0186,0.0237,Nashua,"Manchester-Nashua, NH",Hillsborough County
59020,3060,NH,202304,1867.09,0.0236,0.0477,Nashua,"Manchester-Nashua, NH",Hillsborough County
59020,3060,NH,202305,1883.27,0.0087,0.0613,Nashua,"Manchester-Nashua, NH",Hillsborough County
59020,3060,NH,202306,1891.36,0.0043,0.0597,Nashua,"Manchester-Nashua, NH",Hillsborough County
59020,3060,NH,202307,1875.7,-0.0083,0.048,Nashua,"Manchester-Nashua, NH",Hillsborough County
59020,3060,NH,202308,1851.4,-0.013,0.0314,Nashua,"Manchester-Nashua, NH",Hillsborough County
59020,3060,NH,202309,1825.11,-0.0142,0.0382,Nashua,"Manchester-Nashua, NH",Hillsborough County
59020,3060,NH,202310,1812.85,-0.0067,0.0443,Nashua,"Manchester-Nashua, NH",Hillsborough County
59020,3060,NH,202311,1836.27,0.0129,0.0603,Nashua,"Manchester-Nashua, NH",Hillsborough County
59020,3060,NH,202312,1864.5,0.0154,0.069,Nashua,"Manchester-Nashua, NH",Hillsborough County
59020,3060,NH,202401,1898.56,0.0183,0.0782,Nashua,"Manchester-Nashua, NH",Hillsborough County
59020,3060,NH,202402,1890.14,-0.0044,0.0556,Nashua,"Manchester-Nashua, NH",Hillsborough County
59020,3060,NH,202403,1893.94,0.002,0.0384,Nashua,"Manchester-Nashua, NH",Hillsborough County
59020,3060,NH,202404,1898.6,0.0025,0.0169,Nashua,"Manchester-Nashua, NH",Hillsborough County
59020,3060,NH,202405,1931.79,0.0175,0.0258,Nashua,"Manchester-Nashua, NH",Hillsborough County
59020,3060,NH,202406,1942.32,0.0055,0.0269,Nashua,"Manchester-Nashua, NH",Hillsborough County
59020,3060,NH,202407,1949.32,0.0036,0.0392,Nashua,"Manchester-Nashua, NH",Hillsborough County
59020,3060,NH,202408,1957.06,0.004,0.0571,Nashua,"Manchester-Nashua, NH",Hillsborough County
59020,3060,NH,202409,1966.43,0.0048,0.0774,Nashua,"Manchester-Nashua, NH",Hillsborough County
59020,3060,NH,202410,1965.21,-0.0006,0.084,Nashua,"Manchester-Nashua, NH",Hillsborough County
59020,3060,NH,202411,1954.17,-0.0056,0.0642,Nashua,"Manchester-Nashua, NH",Hillsborough County
59020,3060,NH,202412,1967.22,0.0067,0.0551,Nashua,"Manchester-Nashua, NH",Hillsborough County
59020,3060,NH,202501,1989.46,0.0113,0.0479,Nashua,"Manchester-Nashua, NH",Hillsborough County
59020,3060,NH,202502,1996.99,0.0038,0.0565,Nashua,"Manchester-Nashua, NH",Hillsborough County
59020,3060,NH,202503,2011.47,0.0073,0.0621,Nashua,"Manchester-Nashua, NH",Hillsborough County
59020,3060,NH,202504,2024.53,0.0065,0.0663,Nashua,"Manchester-Nashua, NH",Hillsborough County
59020,3060,NH,202505,2061.71,0.0184,0.0673,Nashua,"Manchester-Nashua, NH",Hillsborough County
59020,3060,NH,202506,2054.26,-0.0036,0.0576,Nashua,"Manchester-Nashua, NH",Hillsborough County
59020,3060,NH,202507,2036.97,-0.0084,0.045,Nashua,"Manchester-Nashua, NH",Hillsborough County
59020,3060,NH,202508,1994.22,-0.021,0.019,Nashua,"Manchester-Nashua, NH",Hillsborough County
59020,3060,NH,202509,1985.79,-0.0042,0.0098,Nashua,"Manchester-Nashua, NH",Hillsborough County
59020,3060,NH,202510,2000.99,0.0077,0.0182,Nashua,"Manchester-Nashua, NH",Hillsborough County
59020,3060,NH,202511,2029.86,0.0144,0.0387,Nashua,"Manchester-Nashua, NH",Hillsborough County
59020,3060,NH,202512,2033.83,0.002,0.0339,Nashua,"Manchester-Nashua, NH",Hillsborough County
59020,3060,NH,202601,2033.19,-0.0003,0.022,Nashua,"Manchester-Nashua, NH",Hillsborough County
59022,3062,NH,202305,1993.92,,,Nashua,"Manchester-Nashua, NH",Hillsborough County
59022,3062,NH,202306,2044.55,0.0254,,Nashua,"Manchester-Nashua, NH",Hillsborough County
59022,3062,NH,202307,2040.55,-0.002,,Nashua,"Manchester-Nashua, NH",Hillsborough County
59022,3062,NH,202308,2082.88,0.0207,,Nashua,"Manchester-Nashua, NH",Hillsborough County
59022,3062,NH,202309,2115.01,0.0154,,Nashua,"Manchester-Nashua, NH",Hillsborough County
59022,3062,NH,202310,2116.85,0.0009,,Nashua,"Manchester-Nashua, NH",Hillsborough County
59022,3062,NH,202311,2073.35,-0.0205,,Nashua,"Manchester-Nashua, NH",Hillsborough County
59022,3062,NH,202312,2078.2,0.0023,,Nashua,"Manchester-Nashua, NH",Hillsborough County
59022,3062,NH,202401,2091.34,0.0063,,Nashua,"Manchester-Nashua, NH",Hillsborough County
59022,3062,NH,202402,2119.53,0.0135,,Nashua,"Manchester-Nashua, NH",Hillsborough County
59022,3062,NH,202403,2081.24,-0.0181,,Nashua,"Manchester-Nashua, NH",Hillsborough County
59022,3062,NH,202404,2108.92,0.0133,,Nashua,"Manchester-Nashua, NH",Hillsborough County
59022,3062,NH,202405,2146.83,0.018,0.0767,Nashua,"Manchester-Nashua, NH",Hillsborough County
59022,3062,NH,202406,2171.85,0.0117,0.0623,Nashua,"Manchester-Nashua, NH",Hillsborough County
59022,3062,NH,202407,2193.69,0.0101,0.075,Nashua,"Manchester-Nashua, NH",Hillsborough County
59022,3062,NH,202408,2201.23,0.0034,0.0568,Nashua,"Manchester-Nashua, NH",Hillsborough County
59022,3062,NH,202409,2227.06,0.0117,0.053,Nashua,"Manchester-Nashua, NH",Hillsborough County
59022,3062,NH,202410,2230.47,0.0015,0.0537,Nashua,"Manchester-Nashua, NH",Hillsborough County
59022,3062,NH,202411,2228.95,-0.0007,0.0751,Nashua,"Manchester-Nashua, NH",Hillsborough County
59022,3062,NH,202412,2254.26,0.0114,0.0847,Nashua,"Manchester-Nashua, NH",Hillsborough County
59022,3062,NH,202501,2169.69,-0.0375,0.0375,Nashua,"Manchester-Nashua, NH",Hillsborough County
59022,3062,NH,202502,2188.54,0.0087,0.0326,Nashua,"Manchester-Nashua, NH",Hillsborough County
59022,3062,NH,202503,2170.09,-0.0084,0.0427,Nashua,"Manchester-Nashua, NH",Hillsborough County
59022,3062,NH,202504,2256.54,0.0398,0.07,Nashua,"Manchester-Nashua, NH",Hillsborough County
59022,3062,NH,202505,2255.08,-0.0006,0.0504,Nashua,"Manchester-Nashua, NH",Hillsborough County
59022,3062,NH,202506,2265.23,0.0045,0.043,Nashua,"Manchester-Nashua, NH",Hillsborough County
59022,3062,NH,202507,2274.0,0.0039,0.0366,Nashua,"Manchester-Nashua, NH",Hillsborough County
59022,3062,NH,202508,2285.58,0.0051,0.0383,Nashua,"Manchester-Nashua, NH",Hillsborough County
59022,3062,NH,202509,2293.0,0.0032,0.0296,Nashua,"Manchester-Nashua, NH",Hillsborough County
59022,3062,NH,202510,2318.62,0.0112,0.0395,Nashua,"Manchester-Nashua, NH",Hillsborough County
59022,3062,NH,202511,2297.55,-0.0091,0.0308,Nashua,"Manchester-Nashua, NH",Hillsborough County
59022,3062,NH,202512,2290.95,-0.0029,0.0163,Nashua,"Manchester-Nashua, NH",Hillsborough County
59022,3062,NH,202601,2256.61,-0.015,0.0401,Nashua,"Manchester-Nashua, NH",Hillsborough County
59023,3063,NH,202411,2105.94,,,Nashua,"Manchester-Nashua, NH",Hillsborough County
59023,3063,NH,202412,2101.72,-0.002,,Nashua,"Manchester-Nashua, NH",Hillsborough County
59023,3063,NH,202501,2102.03,0.0001,,Nashua,"Manchester-Nashua, NH",Hillsborough County
59023,3063,NH,202502,2119.6,0.0084,,Nashua,"Manchester-Nashua, NH",Hillsborough County
59023,3063,NH,202503,2086.71,-0.0155,,Nashua,"Manchester-Nashua, NH",Hillsborough County
59023,3063,NH,202504,2104.54,0.0085,,Nashua,"Manchester-Nashua, NH",Hillsborough County
59023,3063,NH,202505,2112.91,0.004,,Nashua,"Manchester-Nashua, NH",Hillsborough County
59023,3063,NH,202506,2153.42,0.0192,,Nashua,"Manchester-Nashua, NH",Hillsborough County
59023,3063,NH,202507,2148.17,-0.0024,,Nashua,"Manchester-Nashua, NH",Hillsborough County
59023,3063,NH,202508,2173.38,0.0117,,Nashua,"Manchester-Nashua, NH",Hillsborough County
59023,3063,NH,202509,2185.64,0.0056,,Nashua,"Manchester-Nashua, NH",Hillsborough County
59023,3063,NH,202510,2170.08,-0.0071,,Nashua,"Manchester-Nashua, NH",Hillsborough County
59023,3063,NH,202511,2162.97,-0.0033,0.0271,Nashua,"Manchester-Nashua, NH",Hillsborough County
59023,3063,NH,202512,2177.63,0.0068,0.0361,Nashua,"Manchester-Nashua, NH",Hillsborough County
59023,3063,NH,202601,2195.17,0.0081,0.0443,Nashua,"Manchester-Nashua, NH",Hillsborough County
59024,3064,NH,202412,2188.04,,,Nashua,"Manchester-Nashua, NH",Hillsborough County
59024,3064,NH,202501,2206.39,0.0084,,Nashua,"Manchester-Nashua, NH",Hillsborough County
59024,3064,NH,202502,2316.61,0.05,,Nashua,"Manchester-Nashua, NH",Hillsborough County
59024,3064,NH,202503,2337.11,0.0089,,Nashua,"Manchester-Nashua, NH",Hillsborough County
59024,3064,NH,202504,2349.07,0.0051,,Nashua,"Manchester-Nashua, NH",Hillsborough County
59024,3064,NH,202505,2385.21,0.0154,,Nashua,"Manchester-Nashua, NH",Hillsborough County
59024,3064,NH,202506,2390.81,0.0023,,Nashua,"Manchester-Nashua, NH",Hillsborough County
59024,3064,NH,202507,2415.24,0.0102,,Nashua,"Manchester-Nashua, NH",Hillsborough County
59024,3064,NH,202508,2409.07,-0.0026,,Nashua,"Manchester-Nashua, NH",Hillsborough County
59024,3064,NH,202509,2436.02,0.0112,,Nashua,"Manchester-Nashua, NH",Hillsborough County
59024,3064,NH,202510,2488.73,0.0216,,Nashua,"Manchester-Nashua, NH",Hillsborough County
59024,3064,NH,202511,2453.38,-0.0142,,Nashua,"Manchester-Nashua, NH",Hillsborough County
59024,3064,NH,202512,2457.07,0.0015,0.123,Nashua,"Manchester-Nashua, NH",Hillsborough County
59024,3064,NH,202601,2385.0,-0.0293,0.0809,Nashua,"Manchester-Nashua, NH",Hillsborough County
59030,3079,NH,202112,2258.04,,,Salem,"Boston-Cambridge-Newton, MA-NH",Rockingham County
59030,3079,NH,202201,2307.93,0.0221,,Salem,"Boston-Cambridge-Newton, MA-NH",Rockingham County
59030,3079,NH,202202,2297.17,-0.0047,,Salem,"Boston-Cambridge-Newton, MA-NH",Rockingham County
59030,3079,NH,202203,2341.35,0.0192,,Salem,"Boston-Cambridge-Newton, MA-NH",Rockingham County
59030,3079,NH,202204,2386.42,0.0192,,Salem,"Boston-Cambridge-Newton, MA-NH",Rockingham County
59030,3079,NH,202205,2420.72,0.0144,,Salem,"Boston-Cambridge-Newton, MA-NH",Rockingham County
59030,3079,NH,202206,2461.52,0.0169,,Salem,"Boston-Cambridge-Newton, MA-NH",Rockingham County
59030,3079,NH,202207,2459.2,-0.0009,,Salem,"Boston-Cambridge-Newton, MA-NH",Rockingham County
59030,3079,NH,202208,2496.6,0.0152,,Salem,"Boston-Cambridge-Newton, MA-NH",Rockingham County
59030,3079,NH,202209,2565.13,0.0274,,Salem,"Boston-Cambridge-Newton, MA-NH",Rockingham County
59030,3079,NH,202210,2576.87,0.0046,,Salem,"Boston-Cambridge-Newton, MA-NH",Rockingham County
59030,3079,NH,202211,2566.97,-0.0038,,Salem,"Boston-Cambridge-Newton, MA-NH",Rockingham County
59030,3079,NH,202212,2467.08,-0.0389,0.0926,Salem,"Boston-Cambridge-Newton, MA-NH",Rockingham County
59030,3079,NH,202301,2496.82,0.0121,0.0818,Salem,"Boston-Cambridge-Newton, MA-NH",Rockingham County
59030,3079,NH,202302,2493.51,-0.0013,0.0855,Salem,"Boston-Cambridge-Newton, MA-NH",Rockingham County
59030,3079,NH,202303,2540.27,0.0188,0.085,Salem,"Boston-Cambridge-Newton, MA-NH",Rockingham County
59030,3079,NH,202304,2493.31,-0.0185,0.0448,Salem,"Boston-Cambridge-Newton, MA-NH",Rockingham County
59030,3079,NH,202305,2480.29,-0.0052,0.0246,Salem,"Boston-Cambridge-Newton, MA-NH",Rockingham County
59030,3079,NH,202306,2482.98,0.0011,0.0087,Salem,"Boston-Cambridge-Newton, MA-NH",Rockingham County
59030,3079,NH,202307,2500.59,0.0071,0.0168,Salem,"Boston-Cambridge-Newton, MA-NH",Rockingham County
59030,3079,NH,202308,2509.46,0.0035,0.0051,Salem,"Boston-Cambridge-Newton, MA-NH",Rockingham County
59030,3079,NH,202309,2514.0,0.0018,-0.0199,Salem,"Boston-Cambridge-Newton, MA-NH",Rockingham County
59030,3079,NH,202310,2516.86,0.0011,-0.0233,Salem,"Boston-Cambridge-Newton, MA-NH",Rockingham County
59030,3079,NH,202311,2541.82,0.0099,-0.0098,Salem,"Boston-Cambridge-Newton, MA-NH",Rockingham County
59030,3079,NH,202312,2523.97,-0.007,0.0231,Salem,"Boston-Cambridge-Newton, MA-NH",Rockingham County
59030,3079,NH,202401,2534.96,0.0044,0.0153,Salem,"Boston-Cambridge-Newton, MA-NH",Rockingham County
59030,3079,NH,202402,2540.24,0.0021,0.0187,Salem,"Boston-Cambridge-Newton, MA-NH",Rockingham County
59030,3079,NH,202403,2589.81,0.0195,0.0195,Salem,"Boston-Cambridge-Newton, MA-NH",Rockingham County
59030,3079,NH,202404,2622.56,0.0126,0.0518,Salem,"Boston-Cambridge-Newton, MA-NH",Rockingham County
59030,3079,NH,202405,2620.74,-0.0007,0.0566,Salem,"Boston-Cambridge-Newton, MA-NH",Rockingham County
59030,3079,NH,202406,2600.83,-0.0076,0.0475,Salem,"Boston-Cambridge-Newton, MA-NH",Rockingham County
59030,3079,NH,202407,2605.09,0.0016,0.0418,Salem,"Boston-Cambridge-Newton, MA-NH",Rockingham County
59030,3079,NH,202408,2643.87,0.0149,0.0536,Salem,"Boston-Cambridge-Newton, MA-NH",Rockingham County
59030,3079,NH,202409,2672.09,0.0107,0.0629,Salem,"Boston-Cambridge-Newton, MA-NH",Rockingham County
59030,3079,NH,202410,2650.22,-0.0082,0.053,Salem,"Boston-Cambridge-Newton, MA-NH",Rockingham County
59030,3079,NH,202411,2630.04,-0.0076,0.0347,Salem,"Boston-Cambridge-Newton, MA-NH",Rockingham County
59030,3079,NH,202412,2625.87,-0.0016,0.0404,Salem,"Boston-Cambridge-Newton, MA-NH",Rockingham County
59030,3079,NH,202501,2643.05,0.0065,0.0426,Salem,"Boston-Cambridge-Newton, MA-NH",Rockingham County
59030,3079,NH,202502,2677.46,0.013,0.054,Salem,"Boston-Cambridge-Newton, MA-NH",Rockingham County
59030,3079,NH,202503,2687.44,0.0037,0.0377,Salem,"Boston-Cambridge-Newton, MA-NH",Rockingham County
59030,3079,NH,202504,2717.27,0.0111,0.0361,Salem,"Boston-Cambridge-Newton, MA-NH",Rockingham County
59030,3079,NH,202505,2713.1,-0.0015,0.0352,Salem,"Boston-Cambridge-Newton, MA-NH",Rockingham County
59030,3079,NH,202506,2694.55,-0.0068,0.036,Salem,"Boston-Cambridge-Newton, MA-NH",Rockingham County
59030,3079,NH,202507,2681.99,-0.0047,0.0295,Salem,"Boston-Cambridge-Newton, MA-NH",Rockingham County
59030,3079,NH,202508,2685.08,0.0012,0.0156,Salem,"Boston-Cambridge-Newton, MA-NH",Rockingham County
59030,3079,NH,202509,2737.73,0.0196,0.0246,Salem,"Boston-Cambridge-Newton, MA-NH",Rockingham County
59030,3079,NH,202510,2745.89,0.003,0.0361,Salem,"Boston-Cambridge-Newton, MA-NH",Rockingham County
59030,3079,NH,202511,2759.19,0.0048,0.0491,Salem,"Boston-Cambridge-Newton, MA-NH",Rockingham County
59030,3079,NH,202512,2750.19,-0.0033,0.0473,Salem,"Boston-Cambridge-Newton, MA-NH",Rockingham County
59030,3079,NH,202601,2760.3,0.0037,0.0444,Salem,"Boston-Cambridge-Newton, MA-NH",Rockingham County
59035,3101,NH,202404,2156.95,,,Manchester,"Manchester-Nashua, NH",Hillsborough County
59035,3101,NH,202405,2161.33,0.002,,Manchester,"Manchester-Nashua, NH",Hillsborough County
59035,3101,NH,202406,2133.9,-0.0127,,Manchester,"Manchester-Nashua, NH",Hillsborough County
59035,3101,NH,202407,2107.3,-0.0125,,Manchester,"Manchester-Nashua, NH",Hillsborough County
59035,3101,NH,202408,2120.06,0.0061,,Manchester,"Manchester-Nashua, NH",Hillsborough County
59035,3101,NH,202409,2104.22,-0.0075,,Manchester,"Manchester-Nashua, NH",Hillsborough County
59035,3101,NH,202410,2133.35,0.0138,,Manchester,"Manchester-Nashua, NH",Hillsborough County
59035,3101,NH,202411,2101.61,-0.0149,,Manchester,"Manchester-Nashua, NH",Hillsborough County
59035,3101,NH,202412,2102.7,0.0005,,Manchester,"Manchester-Nashua, NH",Hillsborough County
59035,3101,NH,202501,2085.43,-0.0082,,Manchester,"Manchester-Nashua, NH",Hillsborough County
59035,3101,NH,202502,2071.14,-0.0069,,Manchester,"Manchester-Nashua, NH",Hillsborough County
59035,3101,NH,202503,2123.27,0.0252,,Manchester,"Manchester-Nashua, NH",Hillsborough County
59035,3101,NH,202504,2159.29,0.017,0.0011,Manchester,"Manchester-Nashua, NH",Hillsborough County
59035,3101,NH,202505,2205.74,0.0215,0.0205,Manchester,"Manchester-Nashua, NH",Hillsborough County
59035,3101,NH,202506,2197.23,-0.0039,0.0297,Manchester,"Manchester-Nashua, NH",Hillsborough County
59035,3101,NH,202507,2190.25,-0.0032,0.0394,Manchester,"Manchester-Nashua, NH",Hillsborough County
59035,3101,NH,202508,2184.72,-0.0025,0.0305,Manchester,"Manchester-Nashua, NH",Hillsborough County
59035,3101,NH,202509,2185.91,0.0005,0.0388,Manchester,"Manchester-Nashua, NH",Hillsborough County
59035,3101,NH,202510,2166.42,-0.0089,0.0155,Manchester,"Manchester-Nashua, NH",Hillsborough County
59035,3101,NH,202511,2182.16,0.0073,0.0383,Manchester,"Manchester-Nashua, NH",Hillsborough County
59035,3101,NH,202512,2235.11,0.0243,0.063,Manchester,"Manchester-Nashua, NH",Hillsborough County
59035,3101,NH,202601,2238.29,0.0014,0.0733,Manchester,"Manchester-Nashua, NH",Hillsborough County
59036,3102,NH,202102,1414.76,,,Manchester,"Manchester-Nashua, NH",Hillsborough County
59036,3102,NH,202103,1410.09,-0.0033,,Manchester,"Manchester-Nashua, NH",Hillsborough County
59036,3102,NH,202104,1424.2,0.01,,Manchester,"Manchester-Nashua, NH",Hillsborough County
59036,3102,NH,202105,1437.54,0.0094,,Manchester,"Manchester-Nashua, NH",Hillsborough County
59036,3102,NH,202106,1476.21,0.0269,,Manchester,"Manchester-Nashua, NH",Hillsborough County
59036,3102,NH,202107,1518.16,0.0284,,Manchester,"Manchester-Nashua, NH",Hillsborough County
59036,3102,NH,202108,1572.42,0.0357,,Manchester,"Manchester-Nashua, NH",Hillsborough County
59036,3102,NH,202109,1599.36,0.0171,,Manchester,"Manchester-Nashua, NH",Hillsborough County
59036,3102,NH,202110,1630.02,0.0192,,Manchester,"Manchester-Nashua, NH",Hillsborough County
59036,3102,NH,202111,1633.79,0.0023,,Manchester,"Manchester-Nashua, NH",Hillsborough County
59036,3102,NH,202112,1629.36,-0.0027,,Manchester,"Manchester-Nashua, NH",Hillsborough County
59036,3102,NH,202201,1609.6,-0.0121,,Manchester,"Manchester-Nashua, NH",Hillsborough County
59036,3102,NH,202202,1600.18,-0.0059,0.1311,Manchester,"Manchester-Nashua, NH",Hillsborough County
59036,3102,NH,202203,1615.44,0.0095,0.1456,Manchester,"Manchester-Nashua, NH",Hillsborough County
59036,3102,NH,202204,1636.02,0.0127,0.1487,Manchester,"Manchester-Nashua, NH",Hillsborough County
59036,3102,NH,202205,1675.33,0.024,0.1654,Manchester,"Manchester-Nashua, NH",Hillsborough County
59036,3102,NH,202206,1692.98,0.0105,0.1468,Manchester,"Manchester-Nashua, NH",Hillsborough County
59036,3102,NH,202207,1712.79,0.0117,0.1282,Manchester,"Manchester-Nashua, NH",Hillsborough County
59036,3102,NH,202208,1714.68,0.0011,0.0905,Manchester,"Manchester-Nashua, NH",Hillsborough County
59036,3102,NH,202209,1723.64,0.0052,0.0777,Manchester,"Manchester-Nashua, NH",Hillsborough County
59036,3102,NH,202210,1731.3,0.0044,0.0621,Manchester,"Manchester-Nashua, NH",Hillsborough County
59036,3102,NH,202211,1713.54,-0.0103,0.0488,Manchester,"Manchester-Nashua, NH",Hillsborough County
59036,3102,NH,202212,1712.66,-0.0005,0.0511,Manchester,"Manchester-Nashua, NH",Hillsborough County
59036,3102,NH,202301,1742.47,0.0174,0.0825,Manchester,"Manchester-Nashua, NH",Hillsborough County
59036,3102,NH,202302,1772.53,0.0172,0.1077,Manchester,"Manchester-Nashua, NH",Hillsborough County
59036,3102,NH,202303,1792.55,0.0113,0.1096,Manchester,"Manchester-Nashua, NH",Hillsborough County
59036,3102,NH,202304,1787.55,-0.0028,0.0926,Manchester,"Manchester-Nashua, NH",Hillsborough County
59036,3102,NH,202305,1810.31,0.0127,0.0806,Manchester,"Manchester-Nashua, NH",Hillsborough County
59036,3102,NH,202306,1824.92,0.0081,0.0779,Manchester,"Manchester-Nashua, NH",Hillsborough County
59036,3102,NH,202307,1834.66,0.0053,0.0712,Manchester,"Manchester-Nashua, NH",Hillsborough County
59036,3102,NH,202308,1830.52,-0.0023,0.0676,Manchester,"Manchester-Nashua, NH",Hillsborough County
59036,3102,NH,202309,1837.5,0.0038,0.0661,Manchester,"Manchester-Nashua, NH",Hillsborough County
59036,3102,NH,202310,1822.21,-0.0083,0.0525,Manchester,"Manchester-Nashua, NH",Hillsborough County
59036,3102,NH,202311,1835.99,0.0076,0.0715,Manchester,"Manchester-Nashua, NH",Hillsborough County
59036,3102,NH,202312,1811.66,-0.0132,0.0578,Manchester,"Manchester-Nashua, NH",Hillsborough County
59036,3102,NH,202401,1830.64,0.0105,0.0506,Manchester,"Manchester-Nashua, NH",Hillsborough County
59036,3102,NH,202402,1826.3,-0.0024,0.0303,Manchester,"Manchester-Nashua, NH",Hillsborough County
59036,3102,NH,202403,1839.73,0.0074,0.0263,Manchester,"Manchester-Nashua, NH",Hillsborough County
59036,3102,NH,202404,1837.41,-0.0013,0.0279,Manchester,"Manchester-Nashua, NH",Hillsborough County
59036,3102,NH,202405,1851.45,0.0076,0.0227,Manchester,"Manchester-Nashua, NH",Hillsborough County
59036,3102,NH,202406,1880.15,0.0155,0.0303,Manchester,"Manchester-Nashua, NH",Hillsborough County
59036,3102,NH,202407,1908.97,0.0153,0.0405,Manchester,"Manchester-Nashua, NH",Hillsborough County
59036,3102,NH,202408,1907.19,-0.0009,0.0419,Manchester,"Manchester-Nashua, NH",Hillsborough County
59036,3102,NH,202409,1912.06,0.0026,0.0406,Manchester,"Manchester-Nashua, NH",Hillsborough County
59036,3102,NH,202410,1904.36,-0.004,0.0451,Manchester,"Manchester-Nashua, NH",Hillsborough County
59036,3102,NH,202411,1916.0,0.0061,0.0436,Manchester,"Manchester-Nashua, NH",Hillsborough County
59036,3102,NH,202412,1919.53,0.0018,0.0595,Manchester,"Manchester-Nashua, NH",Hillsborough County
59036,3102,NH,202501,1908.22,-0.0059,0.0424,Manchester,"Manchester-Nashua, NH",Hillsborough County
59036,3102,NH,202502,1917.95,0.0051,0.0502,Manchester,"Manchester-Nashua, NH",Hillsborough County
59036,3102,NH,202503,1929.2,0.0059,0.0486,Manchester,"Manchester-Nashua, NH",Hillsborough County
59036,3102,NH,202504,1945.92,0.0087,0.0591,Manchester,"Manchester-Nashua, NH",Hillsborough County
59036,3102,NH,202505,1956.05,0.0052,0.0565,Manchester,"Manchester-Nashua, NH",Hillsborough County
59036,3102,NH,202506,1969.34,0.0068,0.0474,Manchester,"Manchester-Nashua, NH",Hillsborough County
59036,3102,NH,202507,1967.69,-0.0008,0.0308,Manchester,"Manchester-Nashua, NH",Hillsborough County
59036,3102,NH,202508,1957.86,-0.005,0.0266,Manchester,"Manchester-Nashua, NH",Hillsborough County
59036,3102,NH,202509,1936.09,-0.0111,0.0126,Manchester,"Manchester-Nashua, NH",Hillsborough County
59036,3102,NH,202510,1959.2,0.0119,0.0288,Manchester,"Manchester-Nashua, NH",Hillsborough County
59036,3102,NH,202511,1954.81,-0.0022,0.0203,Manchester,"Manchester-Nashua, NH",Hillsborough County
59036,3102,NH,202512,1993.79,0.0199,0.0387,Manchester,"Manchester-Nashua, NH",Hillsborough County
59036,3102,NH,202601,1991.12,-0.0013,0.0434,Manchester,"Manchester-Nashua, NH",Hillsborough County
59037,3103,NH,202301,1591.82,,,Manchester,"Manchester-Nashua, NH",Hillsborough County
59037,3103,NH,202302,1572.13,-0.0124,,Manchester,"Manchester-Nashua, NH",Hillsborough County
59037,3103,NH,202303,1563.64,-0.0054,,Manchester,"Manchester-Nashua, NH",Hillsborough County
59037,3103,NH,202304,1577.63,0.009,,Manchester,"Manchester-Nashua, NH",Hillsborough County
59037,3103,NH,202305,1619.92,0.0268,,Manchester,"Manchester-Nashua, NH",Hillsborough County
59037,3103,NH,202306,1638.81,0.0117,,Manchester,"Manchester-Nashua, NH",Hillsborough County
59037,3103,NH,202307,1633.91,-0.003,,Manchester,"Manchester-Nashua, NH",Hillsborough County
59037,3103,NH,202308,1625.32,-0.0053,,Manchester,"Manchester-Nashua, NH",Hillsborough County
59037,3103,NH,202309,1635.0,0.006,,Manchester,"Manchester-Nashua, NH",Hillsborough County
59037,3103,NH,202310,1638.54,0.0022,,Manchester,"Manchester-Nashua, NH",Hillsborough County
59037,3103,NH,202311,1628.88,-0.0059,,Manchester,"Manchester-Nashua, NH",Hillsborough County
59037,3103,NH,202312,1613.1,-0.0097,,Manchester,"Manchester-Nashua, NH",Hillsborough County
59037,3103,NH,202401,1625.87,0.0079,0.0214,Manchester,"Manchester-Nashua, NH",Hillsborough County
59037,3103,NH,202402,1632.58,0.0041,0.0384,Manchester,"Manchester-Nashua, NH",Hillsborough County
59037,3103,NH,202403,1658.88,0.0161,0.0609,Manchester,"Manchester-Nashua, NH",Hillsborough County
59037,3103,NH,202404,1658.49,-0.0002,0.0513,Manchester,"Manchester-Nashua, NH",Hillsborough County
59037,3103,NH,202405,1673.93,0.0093,0.0333,Manchester,"Manchester-Nashua, NH",Hillsborough County
59037,3103,NH,202406,1688.39,0.0086,0.0303,Manchester,"Manchester-Nashua, NH",Hillsborough County
59037,3103,NH,202407,1701.22,0.0076,0.0412,Manchester,"Manchester-Nashua, NH",Hillsborough County
59037,3103,NH,202408,1729.98,0.0169,0.0644,Manchester,"Manchester-Nashua, NH",Hillsborough County
59037,3103,NH,202409,1728.92,-0.0006,0.0574,Manchester,"Manchester-Nashua, NH",Hillsborough County
59037,3103,NH,202410,1731.86,0.0017,0.057,Manchester,"Manchester-Nashua, NH",Hillsborough County
59037,3103,NH,202411,1692.28,-0.0229,0.0389,Manchester,"Manchester-Nashua, NH",Hillsborough County
59037,3103,NH,202412,1698.03,0.0034,0.0527,Manchester,"Manchester-Nashua, NH",Hillsborough County
59037,3103,NH,202501,1731.51,0.0197,0.065,Manchester,"Manchester-Nashua, NH",Hillsborough County
59037,3103,NH,202502,1793.67,0.0359,0.0987,Manchester,"Manchester-Nashua, NH",Hillsborough County
59037,3103,NH,202503,1796.68,0.0017,0.0831,Manchester,"Manchester-Nashua, NH",Hillsborough County
59037,3103,NH,202504,1810.45,0.0077,0.0916,Manchester,"Manchester-Nashua, NH",Hillsborough County
59037,3103,NH,202505,1782.36,-0.0155,0.0648,Manchester,"Manchester-Nashua, NH",Hillsborough County
59037,3103,NH,202506,1806.86,0.0137,0.0702,Manchester,"Manchester-Nashua, NH",Hillsborough County
59037,3103,NH,202507,1783.09,-0.0132,0.0481,Manchester,"Manchester-Nashua, NH",Hillsborough County
59037,3103,NH,202508,1793.39,0.0058,0.0367,Manchester,"Manchester-Nashua, NH",Hillsborough County
59037,3103,NH,202509,1788.07,-0.003,0.0342,Manchester,"Manchester-Nashua, NH",Hillsborough County
59037,3103,NH,202510,1784.23,-0.0021,0.0302,Manchester,"Manchester-Nashua, NH",Hillsborough County
59037,3103,NH,202511,1819.77,0.0199,0.0753,Manchester,"Manchester-Nashua, NH",Hillsborough County
59037,3103,NH,202512,1814.84,-0.0027,0.0688,Manchester,"Manchester-Nashua, NH",Hillsborough County
59037,3103,NH,202601,1820.32,0.003,0.0513,Manchester,"Manchester-Nashua, NH",Hillsborough County
59038,3104,NH,202202,1543.41,,,Manchester,"Manchester-Nashua, NH",Hillsborough County
59038,3104,NH,202203,1604.65,0.0397,,Manchester,"Manchester-Nashua, NH",Hillsborough County
59038,3104,NH,202204,1577.82,-0.0167,,Manchester,"Manchester-Nashua, NH",Hillsborough County
59038,3104,NH,202205,1602.53,0.0157,,Manchester,"Manchester-Nashua, NH",Hillsborough County
59038,3104,NH,202206,1605.86,0.0021,,Manchester,"Manchester-Nashua, NH",Hillsborough County
59038,3104,NH,202207,1616.44,0.0066,,Manchester,"Manchester-Nashua, NH",Hillsborough County
59038,3104,NH,202208,1625.38,0.0055,,Manchester,"Manchester-Nashua, NH",Hillsborough County
59038,3104,NH,202209,1614.8,-0.0065,,Manchester,"Manchester-Nashua, NH",Hillsborough County
59038,3104,NH,202210,1610.52,-0.0027,,Manchester,"Manchester-Nashua, NH",Hillsborough County
59038,3104,NH,202211,1620.11,0.006,,Manchester,"Manchester-Nashua, NH",Hillsborough County
59038,3104,NH,202212,1631.47,0.007,,Manchester,"Manchester-Nashua, NH",Hillsborough County
59038,3104,NH,202301,1678.14,0.0286,,Manchester,"Manchester-Nashua, NH",Hillsborough County
59038,3104,NH,202302,1694.99,0.01,0.0982,Manchester,"Manchester-Nashua, NH",Hillsborough County
59038,3104,NH,202303,1732.17,0.0219,0.0795,Manchester,"Manchester-Nashua, NH",Hillsborough County
59038,3104,NH,202304,1726.1,-0.0035,0.094,Manchester,"Manchester-Nashua, NH",Hillsborough County
59038,3104,NH,202305,1750.85,0.0143,0.0925,Manchester,"Manchester-Nashua, NH",Hillsborough County
59038,3104,NH,202306,1730.85,-0.0114,0.0778,Manchester,"Manchester-Nashua, NH",Hillsborough County
59038,3104,NH,202307,1738.5,0.0044,0.0755,Manchester,"Manchester-Nashua, NH",Hillsborough County
59038,3104,NH,202308,1723.91,-0.0084,0.0606,Manchester,"Manchester-Nashua, NH",Hillsborough County
59038,3104,NH,202309,1738.61,0.0085,0.0767,Manchester,"Manchester-Nashua, NH",Hillsborough County
59038,3104,NH,202310,1742.31,0.0021,0.0818,Manchester,"Manchester-Nashua, NH",Hillsborough County
59038,3104,NH,202311,1746.5,0.0024,0.078,Manchester,"Manchester-Nashua, NH",Hillsborough County
59038,3104,NH,202312,1746.04,-0.0003,0.0702,Manchester,"Manchester-Nashua, NH",Hillsborough County
59038,3104,NH,202401,1741.54,-0.0026,0.0378,Manchester,"Manchester-Nashua, NH",Hillsborough County
59038,3104,NH,202402,1737.72,-0.0022,0.0252,Manchester,"Manchester-Nashua, NH",Hillsborough County
59038,3104,NH,202403,1754.86,0.0099,0.0131,Manchester,"Manchester-Nashua, NH",Hillsborough County
59038,3104,NH,202404,1767.18,0.007,0.0238,Manchester,"Manchester-Nashua, NH",Hillsborough County
59038,3104,NH,202405,1774.76,0.0043,0.0137,Manchester,"Manchester-Nashua, NH",Hillsborough County
59038,3104,NH,202406,1804.58,0.0168,0.0426,Manchester,"Manchester-Nashua, NH",Hillsborough County
59038,3104,NH,202407,1807.79,0.0018,0.0399,Manchester,"Manchester-Nashua, NH",Hillsborough County
59038,3104,NH,202408,1845.03,0.0206,0.0703,Manchester,"Manchester-Nashua, NH",Hillsborough County
59038,3104,NH,202409,1812.02,-0.0179,0.0422,Manchester,"Manchester-Nashua, NH",Hillsborough County
59038,3104,NH,202410,1808.73,-0.0018,0.0381,Manchester,"Manchester-Nashua, NH",Hillsborough County
59038,3104,NH,202411,1799.61,-0.005,0.0304,Manchester,"Manchester-Nashua, NH",Hillsborough County
59038,3104,NH,202412,1794.47,-0.0029,0.0277,Manchester,"Manchester-Nashua, NH",Hillsborough County
59038,3104,NH,202501,1817.28,0.0127,0.0435,Manchester,"Manchester-Nashua, NH",Hillsborough County
59038,3104,NH,202502,1833.84,0.0091,0.0553,Manchester,"Manchester-Nashua, NH",Hillsborough County
59038,3104,NH,202503,1867.57,0.0184,0.0642,Manchester,"Manchester-Nashua, NH",Hillsborough County
59038,3104,NH,202504,1869.13,0.0008,0.0577,Manchester,"Manchester-Nashua, NH",Hillsborough County
59038,3104,NH,202505,1862.52,-0.0035,0.0494,Manchester,"Manchester-Nashua, NH",Hillsborough County
59038,3104,NH,202506,1869.76,0.0039,0.0361,Manchester,"Manchester-Nashua, NH",Hillsborough County
59038,3104,NH,202507,1877.23,0.004,0.0384,Manchester,"Manchester-Nashua, NH",Hillsborough County
59038,3104,NH,202508,1893.34,0.0086,0.0262,Manchester,"Manchester-Nashua, NH",Hillsborough County
59038,3104,NH,202509,1899.79,0.0034,0.0484,Manchester,"Manchester-Nashua, NH",Hillsborough County
59038,3104,NH,202510,1887.92,-0.0062,0.0438,Manchester,"Manchester-Nashua, NH",Hillsborough County
59038,3104,NH,202511,1877.65,-0.0054,0.0434,Manchester,"Manchester-Nashua, NH",Hillsborough County
59038,3104,NH,202512,1876.62,-0.0005,0.0458,Manchester,"Manchester-Nashua, NH",Hillsborough County
59038,3104,NH,202601,1888.37,0.0063,0.0391,Manchester,"Manchester-Nashua, NH",Hillsborough County
59040,3106,NH,202601,2029.0,,,Hooksett,"Concord, NH",Merrimack County
59044,3110,NH,202512,2590.24,,,Bedford,"Manchester-Nashua, NH",Hillsborough County
59044,3110,NH,202601,2698.75,0.0419,,Bedford,"Manchester-Nashua, NH",Hillsborough County
59072,3246,NH,202503,1380.46,,,Laconia,"Laconia, NH",Belknap County
59072,3246,NH,202504,1402.87,0.0162,,Laconia,"Laconia, NH",Belknap County
59072,3246,NH,202505,1437.32,0.0246,,Laconia,"Laconia, NH",Belknap County
59072,3246,NH,202506,1272.02,-0.115,,Laconia,"Laconia, NH",Belknap County
59072,3246,NH,202507,1346.11,0.0583,,Laconia,"Laconia, NH",Belknap County
59072,3246,NH,202508,1397.98,0.0385,,Laconia,"Laconia, NH",Belknap County
59072,3246,NH,202509,1615.14,0.1553,,Laconia,"Laconia, NH",Belknap County
59072,3246,NH,202510,1579.87,-0.0218,,Laconia,"Laconia, NH",Belknap County
59072,3246,NH,202511,1613.07,0.021,,Laconia,"Laconia, NH",Belknap County
59072,3246,NH,202512,1598.26,-0.0092,,Laconia,"Laconia, NH",Belknap County
59072,3246,NH,202601,1657.78,0.0372,,Laconia,"Laconia, NH",Belknap County
59110,3301,NH,202303,1600.33,,,Concord,"Concord, NH",Merrimack County
59110,3301,NH,202304,1642.42,0.0263,,Concord,"Concord, NH",Merrimack County
59110,3301,NH,202306,1683.42,0.025,,Concord,"Concord, NH",Merrimack County
59110,3301,NH,202307,1677.39,-0.0036,,Concord,"Concord, NH",Merrimack County
59110,3301,NH,202308,1708.62,0.0186,,Concord,"Concord, NH",Merrimack County
59110,3301,NH,202309,1717.62,0.0053,,Concord,"Concord, NH",Merrimack County
59110,3301,NH,202310,1706.07,-0.0067,,Concord,"Concord, NH",Merrimack County
59110,3301,NH,202311,1722.43,0.0096,,Concord,"Concord, NH",Merrimack County
59110,3301,NH,202401,1699.16,-0.0135,,Concord,"Concord, NH",Merrimack County
59110,3301,NH,202402,1671.21,-0.0164,,Concord,"Concord, NH",Merrimack County
59110,3301,NH,202403,1684.74,0.0081,,Concord,"Concord, NH",Merrimack County
59110,3301,NH,202404,1702.46,0.0105,,Concord,"Concord, NH",Merrimack County
59110,3301,NH,202405,1726.67,0.0142,0.0789,Concord,"Concord, NH",Merrimack County
59110,3301,NH,202406,1761.15,0.02,0.0723,Concord,"Concord, NH",Merrimack County
59110,3301,NH,202407,1808.68,0.027,0.0744,Concord,"Concord, NH",Merrimack County
59110,3301,NH,202408,1832.91,0.0134,0.0927,Concord,"Concord, NH",Merrimack County
59110,3301,NH,202409,1833.33,0.0002,0.073,Concord,"Concord, NH",Merrimack County
59110,3301,NH,202410,1825.78,-0.0041,0.063,Concord,"Concord, NH",Merrimack County
59110,3301,NH,202411,1836.93,0.0061,0.0767,Concord,"Concord, NH",Merrimack County
59110,3301,NH,202412,1846.94,0.0055,0.0723,Concord,"Concord, NH",Merrimack County
59110,3301,NH,202501,1843.09,-0.0021,0.0847,Concord,"Concord, NH",Merrimack County
59110,3301,NH,202502,1852.23,0.005,0.1083,Concord,"Concord, NH",Merrimack County
59110,3301,NH,202503,1859.68,0.004,0.1038,Concord,"Concord, NH",Merrimack County
59110,3301,NH,202504,1860.57,0.0005,0.0929,Concord,"Concord, NH",Merrimack County
59110,3301,NH,202505,1836.1,-0.0132,0.0634,Concord,"Concord, NH",Merrimack County
59110,3301,NH,202506,1826.78,-0.0051,0.0373,Concord,"Concord, NH",Merrimack County
59110,3301,NH,202507,1870.13,0.0237,0.034,Concord,"Concord, NH",Merrimack County
59110,3301,NH,202508,1882.63,0.0067,0.0271,Concord,"Concord, NH",Merrimack County
59110,3301,NH,202509,1888.35,0.003,0.03,Concord,"Concord, NH",Merrimack County
59110,3301,NH,202510,1849.86,-0.0204,0.0132,Concord,"Concord, NH",Merrimack County
59110,3301,NH,202511,1848.82,-0.0006,0.0065,Concord,"Concord, NH",Merrimack County
59110,3301,NH,202512,1859.17,0.0056,0.0066,Concord,"Concord, NH",Merrimack County
59110,3301,NH,202601,1892.39,0.0179,0.0267,Concord,"Concord, NH",Merrimack County
59116,3431,NH,202210,1581.31,,,Keene,"Keene, NH",Cheshire County
59116,3431,NH,202212,1555.61,-0.0163,,Keene,"Keene, NH",Cheshire County
59116,3431,NH,202301,1568.49,0.0083,,Keene,"Keene, NH",Cheshire County
59116,3431,NH,202302,1578.31,0.0063,,Keene,"Keene, NH",Cheshire County
59116,3431,NH,202303,1594.64,0.0103,,Keene,"Keene, NH",Cheshire County
59116,3431,NH,202304,1586.25,-0.0053,,Keene,"Keene, NH",Cheshire County
59116,3431,NH,202305,1589.6,0.0021,,Keene,"Keene, NH",Cheshire County
59116,3431,NH,202306,1595.56,0.0037,,Keene,"Keene, NH",Cheshire County
59116,3431,NH,202307,1628.34,0.0205,,Keene,"Keene, NH",Cheshire County
59116,3431,NH,202308,1632.03,0.0023,,Keene,"Keene, NH",Cheshire County
59116,3431,NH,202309,1656.97,0.0153,,Keene,"Keene, NH",Cheshire County
59116,3431,NH,202310,1655.57,-0.0008,,Keene,"Keene, NH",Cheshire County
59116,3431,NH,202311,1688.44,0.0199,0.0678,Keene,"Keene, NH",Cheshire County
59116,3431,NH,202312,1685.24,-0.0019,0.0833,Keene,"Keene, NH",Cheshire County
59116,3431,NH,202401,1663.26,-0.013,0.0604,Keene,"Keene, NH",Cheshire County
59116,3431,NH,202402,1653.72,-0.0057,0.0478,Keene,"Keene, NH",Cheshire County
59116,3431,NH,202403,1645.45,-0.005,0.0319,Keene,"Keene, NH",Cheshire County
59116,3431,NH,202404,1667.0,0.0131,0.0509,Keene,"Keene, NH",Cheshire County
59116,3431,NH,202405,1696.26,0.0176,0.0671,Keene,"Keene, NH",Cheshire County
59116,3431,NH,202406,1705.78,0.0056,0.0691,Keene,"Keene, NH",Cheshire County
59116,3431,NH,202407,1695.75,-0.0059,0.0414,Keene,"Keene, NH",Cheshire County
59116,3431,NH,202408,1710.86,0.0089,0.0483,Keene,"Keene, NH",Cheshire County
59116,3431,NH,202409,1724.45,0.0079,0.0407,Keene,"Keene, NH",Cheshire County
59116,3431,NH,202410,1748.38,0.0139,0.0561,Keene,"Keene, NH",Cheshire County
59116,3431,NH,202411,1747.44,-0.0005,0.0349,Keene,"Keene, NH",Cheshire County
59116,3431,NH,202412,1755.95,0.0049,0.042,Keene,"Keene, NH",Cheshire County
59116,3431,NH,202501,1796.5,0.0231,0.0801,Keene,"Keene, NH",Cheshire County
59116,3431,NH,202502,1769.28,-0.0152,0.0699,Keene,"Keene, NH",Cheshire County
59116,3431,NH,202503,1768.28,-0.0006,0.0746,Keene,"Keene, NH",Cheshire County
59116,3431,NH,202504,1764.47,-0.0022,0.0585,Keene,"Keene, NH",Cheshire County
59116,3431,NH,202505,1775.56,0.0063,0.0468,Keene,"Keene, NH",Cheshire County
59116,3431,NH,202506,1829.55,0.0304,0.0726,Keene,"Keene, NH",Cheshire County
59116,3431,NH,202507,1833.57,0.0022,0.0813,Keene,"Keene, NH",Cheshire County
59116,3431,NH,202508,1869.64,0.0197,0.0928,Keene,"Keene, NH",Cheshire County
59116,3431,NH,202509,1867.53,-0.0011,0.083,Keene,"Keene, NH",Cheshire County
59116,3431,NH,202510,1841.39,-0.014,0.0532,Keene,"Keene, NH",Cheshire County
59116,3431,NH,202511,1830.66,-0.0058,0.0476,Keene,"Keene, NH",Cheshire County
59116,3431,NH,202512,1841.41,0.0059,0.0487,Keene,"Keene, NH",Cheshire County
59116,3431,NH,202601,1862.5,0.0115,0.0367,Keene,"Keene, NH",Cheshire County
59175,3743,NH,202508,1425.64,,,Claremont,"Lebanon, NH-VT",Sullivan County
59175,3743,NH,202509,1443.15,0.0123,,Claremont,"Lebanon, NH-VT",Sullivan County
59175,3743,NH,202510,1506.62,0.044,,Claremont,"Lebanon, NH-VT",Sullivan County
59175,3743,NH,202511,1538.86,0.0214,,Claremont,"Lebanon, NH-VT",Sullivan County
59175,3743,NH,202512,1534.75,-0.0027,,Claremont,"Lebanon, NH-VT",Sullivan County
59175,3743,NH,202601,1571.67,0.0241,,Claremont,"Lebanon, NH-VT",Sullivan County
59188,3766,NH,202501,2359.87,,,Lebanon,"Lebanon, NH-VT",Grafton County
59188,3766,NH,202502,2353.71,-0.0026,,Lebanon,"Lebanon, NH-VT",Grafton County
59188,3766,NH,202503,2342.97,-0.0046,,Lebanon,"Lebanon, NH-VT",Grafton County
59188,3766,NH,202504,2363.61,0.0088,,Lebanon,"Lebanon, NH-VT",Grafton County
59188,3766,NH,202505,2387.45,0.0101,,Lebanon,"Lebanon, NH-VT",Grafton County
59188,3766,NH,202506,2427.32,0.0167,,Lebanon,"Lebanon, NH-VT",Grafton County
59188,3766,NH,202507,2438.73,0.0047,,Lebanon,"Lebanon, NH-VT",Grafton County
59188,3766,NH,202508,2466.91,0.0116,,Lebanon,"Lebanon, NH-VT",Grafton County
59188,3766,NH,202509,2481.79,0.006,,Lebanon,"Lebanon, NH-VT",Grafton County
59188,3766,NH,202510,2482.87,0.0004,,Lebanon,"Lebanon, NH-VT",Grafton County
59188,3766,NH,202511,2479.3,-0.0014,,Lebanon,"Lebanon, NH-VT",Grafton County
59188,3766,NH,202512,2467.04,-0.0049,,Lebanon,"Lebanon, NH-VT",Grafton County
59188,3766,NH,202601,2501.3,0.0139,0.0599,Lebanon,"Lebanon, NH-VT",Grafton County
59202,3801,NH,202202,2420.02,,,Portsmouth,"Boston-Cambridge-Newton, MA-NH",Rockingham County
59202,3801,NH,202203,2431.35,0.0047,,Portsmouth,"Boston-Cambridge-Newton, MA-NH",Rockingham County
59202,3801,NH,202204,2459.72,0.0117,,Portsmouth,"Boston-Cambridge-Newton, MA-NH",Rockingham County
59202,3801,NH,202205,2503.76,0.0179,,Portsmouth,"Boston-Cambridge-Newton, MA-NH",Rockingham County
59202,3801,NH,202206,2526.39,0.009,,Portsmouth,"Boston-Cambridge-Newton, MA-NH",Rockingham County
59202,3801,NH,202207,2574.77,0.0192,,Portsmouth,"Boston-Cambridge-Newton, MA-NH",Rockingham County
59202,3801,NH,202208,2576.49,0.0007,,Portsmouth,"Boston-Cambridge-Newton, MA-NH",Rockingham County
59202,3801,NH,202209,2557.89,-0.0072,,Portsmouth,"Boston-Cambridge-Newton, MA-NH",Rockingham County
59202,3801,NH,202210,2531.99,-0.0101,,Portsmouth,"Boston-Cambridge-Newton, MA-NH",Rockingham County
59202,3801,NH,202211,2515.68,-0.0064,,Portsmouth,"Boston-Cambridge-Newton, MA-NH",Rockingham County
59202,3801,NH,202212,2538.37,0.009,,Portsmouth,"Boston-Cambridge-Newton, MA-NH",Rockingham County
59202,3801,NH,202301,2568.21,0.0118,,Portsmouth,"Boston-Cambridge-Newton, MA-NH",Rockingham County
59202,3801,NH,202302,2589.65,0.0083,0.0701,Portsmouth,"Boston-Cambridge-Newton, MA-NH",Rockingham County
59202,3801,NH,202303,2625.32,0.0138,0.0798,Portsmouth,"Boston-Cambridge-Newton, MA-NH",Rockingham County
59202,3801,NH,202304,2629.63,0.0016,0.0691,Portsmouth,"Boston-Cambridge-Newton, MA-NH",Rockingham County
59202,3801,NH,202305,2666.37,0.014,0.0649,Portsmouth,"Boston-Cambridge-Newton, MA-NH",Rockingham County
59202,3801,NH,202306,2710.11,0.0164,0.0727,Portsmouth,"Boston-Cambridge-Newton, MA-NH",Rockingham County
59202,3801,NH,202307,2738.39,0.0104,0.0635,Portsmouth,"Boston-Cambridge-Newton, MA-NH",Rockingham County
59202,3801,NH,202308,2739.02,0.0002,0.0631,Portsmouth,"Boston-Cambridge-Newton, MA-NH",Rockingham County
59202,3801,NH,202309,2706.62,-0.0118,0.0581,Portsmouth,"Boston-Cambridge-Newton, MA-NH",Rockingham County
59202,3801,NH,202310,2695.66,-0.0041,0.0646,Portsmouth,"Boston-Cambridge-Newton, MA-NH",Rockingham County
59202,3801,NH,202311,2689.58,-0.0023,0.0691,Portsmouth,"Boston-Cambridge-Newton, MA-NH",Rockingham County
59202,3801,NH,202312,2717.15,0.0103,0.0704,Portsmouth,"Boston-Cambridge-Newton, MA-NH",Rockingham County
59202,3801,NH,202401,2696.17,-0.0077,0.0498,Portsmouth,"Boston-Cambridge-Newton, MA-NH",Rockingham County
59202,3801,NH,202402,2715.56,0.0072,0.0486,Portsmouth,"Boston-Cambridge-Newton, MA-NH",Rockingham County
59202,3801,NH,202403,2741.26,0.0095,0.0442,Portsmouth,"Boston-Cambridge-Newton, MA-NH",Rockingham County
59202,3801,NH,202404,2815.33,0.027,0.0706,Portsmouth,"Boston-Cambridge-Newton, MA-NH",Rockingham County
59202,3801,NH,202405,2846.91,0.0112,0.0677,Portsmouth,"Boston-Cambridge-Newton, MA-NH",Rockingham County
59202,3801,NH,202406,2879.53,0.0115,0.0625,Portsmouth,"Boston-Cambridge-Newton, MA-NH",Rockingham County
59202,3801,NH,202407,2878.23,-0.0005,0.0511,Portsmouth,"Boston-Cambridge-Newton, MA-NH",Rockingham County
59202,3801,NH,202408,2892.14,0.0048,0.0559,Portsmouth,"Boston-Cambridge-Newton, MA-NH",Rockingham County
59202,3801,NH,202409,2883.42,-0.003,0.0653,Portsmouth,"Boston-Cambridge-Newton, MA-NH",Rockingham County
59202,3801,NH,202410,2860.6,-0.0079,0.0612,Portsmouth,"Boston-Cambridge-Newton, MA-NH",Rockingham County
59202,3801,NH,202411,2845.03,-0.0054,0.0578,Portsmouth,"Boston-Cambridge-Newton, MA-NH",Rockingham County
59202,3801,NH,202412,2821.21,-0.0084,0.0383,Portsmouth,"Boston-Cambridge-Newton, MA-NH",Rockingham County
59202,3801,NH,202501,2825.89,0.0017,0.0481,Portsmouth,"Boston-Cambridge-Newton, MA-NH",Rockingham County
59202,3801,NH,202502,2842.58,0.0059,0.0468,Portsmouth,"Boston-Cambridge-Newton, MA-NH",Rockingham County
59202,3801,NH,202503,2861.51,0.0067,0.0439,Portsmouth,"Boston-Cambridge-Newton, MA-NH",Rockingham County
59202,3801,NH,202504,2913.99,0.0183,0.035,Portsmouth,"Boston-Cambridge-Newton, MA-NH",Rockingham County
59202,3801,NH,202505,2952.13,0.0131,0.037,Portsmouth,"Boston-Cambridge-Newton, MA-NH",Rockingham County
59202,3801,NH,202506,3021.41,0.0235,0.0493,Portsmouth,"Boston-Cambridge-Newton, MA-NH",Rockingham County
59202,3801,NH,202507,3067.74,0.0153,0.0658,Portsmouth,"Boston-Cambridge-Newton, MA-NH",Rockingham County
59202,3801,NH,202508,3070.21,0.0008,0.0616,Portsmouth,"Boston-Cambridge-Newton, MA-NH",Rockingham County
59202,3801,NH,202509,2963.41,-0.0348,0.0277,Portsmouth,"Boston-Cambridge-Newton, MA-NH",Rockingham County
59202,3801,NH,202510,2925.3,-0.0129,0.0226,Portsmouth,"Boston-Cambridge-Newton, MA-NH",Rockingham County
59202,3801,NH,202511,2916.68,-0.0029,0.0252,Portsmouth,"Boston-Cambridge-Newton, MA-NH",Rockingham County
59202,3801,NH,202512,2979.68,0.0216,0.0562,Portsmouth,"Boston-Cambridge-Newton, MA-NH",Rockingham County
59202,3801,NH,202601,2942.35,-0.0125,0.0412,Portsmouth,"Boston-Cambridge-Newton, MA-NH",Rockingham County
59218,3820,NH,202101,1521.17,,,Dover,"Boston-Cambridge-Newton, MA-NH",Strafford County
59218,3820,NH,202102,1576.91,0.0366,,Dover,"Boston-Cambridge-Newton, MA-NH",Strafford County
59218,3820,NH,202103,1559.96,-0.0107,,Dover,"Boston-Cambridge-Newton, MA-NH",Strafford County
59218,3820,NH,202104,1533.86,-0.0167,,Dover,"Boston-Cambridge-Newton, MA-NH",Strafford County
59218,3820,NH,202105,1569.18,0.023,,Dover,"Boston-Cambridge-Newton, MA-NH",Strafford County
59218,3820,NH,202106,1604.35,0.0224,,Dover,"Boston-Cambridge-Newton, MA-NH",Strafford County
59218,3820,NH,202107,1663.85,0.0371,,Dover,"Boston-Cambridge-Newton, MA-NH",Strafford County
59218,3820,NH,202108,1666.87,0.0018,,Dover,"Boston-Cambridge-Newton, MA-NH",Strafford County
59218,3820,NH,202109,1694.94,0.0168,,Dover,"Boston-Cambridge-Newton, MA-NH",Strafford County
59218,3820,NH,202110,1686.15,-0.0052,,Dover,"Boston-Cambridge-Newton, MA-NH",Strafford County
59218,3820,NH,202111,1677.57,-0.0051,,Dover,"Boston-Cambridge-Newton, MA-NH",Strafford County
59218,3820,NH,202112,1655.24,-0.0133,,Dover,"Boston-Cambridge-Newton, MA-NH",Strafford County
59218,3820,NH,202201,1634.18,-0.0127,0.0743,Dover,"Boston-Cambridge-Newton, MA-NH",Strafford County
59218,3820,NH,202202,1676.62,0.026,0.0632,Dover,"Boston-Cambridge-Newton, MA-NH",Strafford County
59218,3820,NH,202203,1723.18,0.0278,0.1046,Dover,"Boston-Cambridge-Newton, MA-NH",Strafford County
59218,3820,NH,202204,1811.92,0.0515,0.1813,Dover,"Boston-Cambridge-Newton, MA-NH",Strafford County
59218,3820,NH,202205,1814.29,0.0013,0.1562,Dover,"Boston-Cambridge-Newton, MA-NH",Strafford County
59218,3820,NH,202206,1840.63,0.0145,0.1473,Dover,"Boston-Cambridge-Newton, MA-NH",Strafford County
59218,3820,NH,202207,1877.75,0.0202,0.1286,Dover,"Boston-Cambridge-Newton, MA-NH",Strafford County
59218,3820,NH,202208,1915.66,0.0202,0.1493,Dover,"Boston-Cambridge-Newton, MA-NH",Strafford County
59218,3820,NH,202209,1921.8,0.0032,0.1338,Dover,"Boston-Cambridge-Newton, MA-NH",Strafford County
59218,3820,NH,202210,1874.76,-0.0245,0.1119,Dover,"Boston-Cambridge-Newton, MA-NH",Strafford County
59218,3820,NH,202211,1923.27,0.0259,0.1465,Dover,"Boston-Cambridge-Newton, MA-NH",Strafford County
59218,3820,NH,202212,1928.95,0.003,0.1654,Dover,"Boston-Cambridge-Newton, MA-NH",Strafford County
59218,3820,NH,202301,1956.04,0.014,0.197,Dover,"Boston-Cambridge-Newton, MA-NH",Strafford County
59218,3820,NH,202302,1929.57,-0.0135,0.1509,Dover,"Boston-Cambridge-Newton, MA-NH",Strafford County
59218,3820,NH,202303,1945.12,0.0081,0.1288,Dover,"Boston-Cambridge-Newton, MA-NH",Strafford County
59218,3820,NH,202304,1972.45,0.0141,0.0886,Dover,"Boston-Cambridge-Newton, MA-NH",Strafford County
59218,3820,NH,202305,1977.32,0.0025,0.0899,Dover,"Boston-Cambridge-Newton, MA-NH",Strafford County
59218,3820,NH,202306,2013.73,0.0184,0.094,Dover,"Boston-Cambridge-Newton, MA-NH",Strafford County
59218,3820,NH,202307,2056.18,0.0211,0.095,Dover,"Boston-Cambridge-Newton, MA-NH",Strafford County
59218,3820,NH,202308,2090.43,0.0167,0.0912,Dover,"Boston-Cambridge-Newton, MA-NH",Strafford County
59218,3820,NH,202309,2058.4,-0.0153,0.0711,Dover,"Boston-Cambridge-Newton, MA-NH",Strafford County
59218,3820,NH,202310,2023.21,-0.0171,0.0792,Dover,"Boston-Cambridge-Newton, MA-NH",Strafford County
59218,3820,NH,202311,1997.46,-0.0127,0.0386,Dover,"Boston-Cambridge-Newton, MA-NH",Strafford County
59218,3820,NH,202312,2035.96,0.0193,0.0555,Dover,"Boston-Cambridge-Newton, MA-NH",Strafford County
59218,3820,NH,202401,2036.99,0.0005,0.0414,Dover,"Boston-Cambridge-Newton, MA-NH",Strafford County
59218,3820,NH,202402,2040.38,0.0017,0.0574,Dover,"Boston-Cambridge-Newton, MA-NH",Strafford County
59218,3820,NH,202403,2064.08,0.0116,0.0612,Dover,"Boston-Cambridge-Newton, MA-NH",Strafford County
59218,3820,NH,202404,2092.08,0.0136,0.0606,Dover,"Boston-Cambridge-Newton, MA-NH",Strafford County
59218,3820,NH,202405,2135.54,0.0208,0.08,Dover,"Boston-Cambridge-Newton, MA-NH",Strafford County
59218,3820,NH,202406,2135.88,0.0002,0.0607,Dover,"Boston-Cambridge-Newton, MA-NH",Strafford County
59218,3820,NH,202407,2149.71,0.0065,0.0455,Dover,"Boston-Cambridge-Newton, MA-NH",Strafford County
59218,3820,NH,202408,2166.5,0.0078,0.0364,Dover,"Boston-Cambridge-Newton, MA-NH",Strafford County
59218,3820,NH,202409,2167.54,0.0005,0.053,Dover,"Boston-Cambridge-Newton, MA-NH",Strafford County
59218,3820,NH,202410,2152.49,-0.0069,0.0639,Dover,"Boston-Cambridge-Newton, MA-NH",Strafford County
59218,3820,NH,202411,2104.68,-0.0222,0.0537,Dover,"Boston-Cambridge-Newton, MA-NH",Strafford County
59218,3820,NH,202412,2074.15,-0.0145,0.0188,Dover,"Boston-Cambridge-Newton, MA-NH",Strafford County
59218,3820,NH,202501,2077.31,0.0015,0.0198,Dover,"Boston-Cambridge-Newton, MA-NH",Strafford County
59218,3820,NH,202502,2083.77,0.0031,0.0213,Dover,"Boston-Cambridge-Newton, MA-NH",Strafford County
59218,3820,NH,202503,2134.48,0.0243,0.0341,Dover,"Boston-Cambridge-Newton, MA-NH",Strafford County
59218,3820,NH,202504,2187.97,0.0251,0.0458,Dover,"Boston-Cambridge-Newton, MA-NH",Strafford County
59218,3820,NH,202505,2236.57,0.0222,0.0473,Dover,"Boston-Cambridge-Newton, MA-NH",Strafford County
59218,3820,NH,202506,2238.56,0.0009,0.0481,Dover,"Boston-Cambridge-Newton, MA-NH",Strafford County
59218,3820,NH,202507,2230.4,-0.0036,0.0375,Dover,"Boston-Cambridge-Newton, MA-NH",Strafford County
59218,3820,NH,202508,2244.38,0.0063,0.0359,Dover,"Boston-Cambridge-Newton, MA-NH",Strafford County
59218,3820,NH,202509,2247.09,0.0012,0.0367,Dover,"Boston-Cambridge-Newton, MA-NH",Strafford County
59218,3820,NH,202510,2228.9,-0.0081,0.0355,Dover,"Boston-Cambridge-Newton, MA-NH",Strafford County
59218,3820,NH,202511,2200.1,-0.0129,0.0453,Dover,"Boston-Cambridge-Newton, MA-NH",Strafford County
59218,3820,NH,202512,2187.25,-0.0058,0.0545,Dover,"Boston-Cambridge-Newton, MA-NH",Strafford County
59218,3820,NH,202601,2179.2,-0.0037,0.049,Dover,"Boston-Cambridge-Newton, MA-NH",Strafford County
59228,3833,NH,202601,2087.5,,,Exeter,"Boston-Cambridge-Newton, MA-NH",Rockingham County
59229,3835,NH,202512,1792.4,,,Farmington,"Boston-Cambridge-Newton, MA-NH",Strafford County
59229,3835,NH,202601,1850.0,0.0321,,Farmington,"Boston-Cambridge-Newton, MA-NH",Strafford County
59236,3842,NH,202503,2055.22,,,Hampton,"Boston-Cambridge-Newton, MA-NH",Rockingham County
59236,3842,NH,202504,2114.23,0.0287,,Hampton,"Boston-Cambridge-Newton, MA-NH",Rockingham County
59236,3842,NH,202505,2174.32,0.0284,,Hampton,"Boston-Cambridge-Newton, MA-NH",Rockingham County
59236,3842,NH,202506,2207.07,0.0151,,Hampton,"Boston-Cambridge-Newton, MA-NH",Rockingham County
59236,3842,NH,202507,2177.35,-0.0135,,Hampton,"Boston-Cambridge-Newton, MA-NH",Rockingham County
59236,3842,NH,202508,2136.41,-0.0188,,Hampton,"Boston-Cambridge-Newton, MA-NH",Rockingham County
59236,3842,NH,202509,2074.86,-0.0288,,Hampton,"Boston-Cambridge-Newton, MA-NH",Rockingham County
59236,3842,NH,202510,2075.0,0.0001,,Hampton,"Boston-Cambridge-Newton, MA-NH",Rockingham County
59236,3842,NH,202511,2026.46,-0.0234,,Hampton,"Boston-Cambridge-Newton, MA-NH",Rockingham County
59236,3842,NH,202512,1940.55,-0.0424,,Hampton,"Boston-Cambridge-Newton, MA-NH",Rockingham County
59236,3842,NH,202601,1935.83,-0.0024,,Hampton,"Boston-Cambridge-Newton, MA-NH",Rockingham County
59251,3857,NH,202512,1739.93,,,Newmarket,"Boston-Cambridge-Newton, MA-NH",Rockingham County
59251,3857,NH,202601,1710.0,-0.0172,,Newmarket,"Boston-Cambridge-Newton, MA-NH",Rockingham County
59259,3867,NH,202312,1726.98,,,Rochester,"Boston-Cambridge-Newton, MA-NH",Strafford County
59259,3867,NH,202401,1748.78,0.0126,,Rochester,"Boston-Cambridge-Newton, MA-NH",Strafford County
59259,3867,NH,202402,1789.62,0.0233,,Rochester,"Boston-Cambridge-Newton, MA-NH",Strafford County
59259,3867,NH,202403,1851.26,0.0344,,Rochester,"Boston-Cambridge-Newton, MA-NH",Strafford County
59259,3867,NH,202404,1861.06,0.0053,,Rochester,"Boston-Cambridge-Newton, MA-NH",Strafford County
59259,3867,NH,202405,1872.13,0.0059,,Rochester,"Boston-Cambridge-Newton, MA-NH",Strafford County
59259,3867,NH,202406,1801.69,-0.0376,,Rochester,"Boston-Cambridge-Newton, MA-NH",Strafford County
59259,3867,NH,202407,1829.07,0.0152,,Rochester,"Boston-Cambridge-Newton, MA-NH",Strafford County
59259,3867,NH,202408,1813.16,-0.0087,,Rochester,"Boston-Cambridge-Newton, MA-NH",Strafford County
59259,3867,NH,202409,1824.4,0.0062,,Rochester,"Boston-Cambridge-Newton, MA-NH",Strafford County
59259,3867,NH,202410,1833.97,0.0052,,Rochester,"Boston-Cambridge-Newton, MA-NH",Strafford County
59259,3867,NH,202411,1831.81,-0.0012,,Rochester,"Boston-Cambridge-Newton, MA-NH",Strafford County
59259,3867,NH,202412,1849.71,0.0098,0.0711,Rochester,"Boston-Cambridge-Newton, MA-NH",Strafford County
59259,3867,NH,202501,1872.92,0.0125,0.071,Rochester,"Boston-Cambridge-Newton, MA-NH",Strafford County
59259,3867,NH,202502,1874.21,0.0007,0.0473,Rochester,"Boston-Cambridge-Newton, MA-NH",Strafford County
59259,3867,NH,202503,1882.65,0.0045,0.017,Rochester,"Boston-Cambridge-Newton, MA-NH",Strafford County
59259,3867,NH,202504,1864.38,-0.0097,0.0018,Rochester,"Boston-Cambridge-Newton, MA-NH",Strafford County
59259,3867,NH,202505,1915.34,0.0273,0.0231,Rochester,"Boston-Cambridge-Newton, MA-NH",Strafford County
59259,3867,NH,202506,1896.72,-0.0097,0.0527,Rochester,"Boston-Cambridge-Newton, MA-NH",Strafford County
59259,3867,NH,202507,1912.96,0.0086,0.0459,Rochester,"Boston-Cambridge-Newton, MA-NH",Strafford County
59259,3867,NH,202508,1926.94,0.0073,0.0628,Rochester,"Boston-Cambridge-Newton, MA-NH",Strafford County
59259,3867,NH,202509,1990.87,0.0332,0.0912,Rochester,"Boston-Cambridge-Newton, MA-NH",Strafford County
59259,3867,NH,202510,2038.11,0.0237,0.1113,Rochester,"Boston-Cambridge-Newton, MA-NH",Strafford County
59259,3867,NH,202511,1988.13,-0.0245,0.0853,Rochester,"Boston-Cambridge-Newton, MA-NH",Strafford County
59259,3867,NH,202512,1940.73,-0.0238,0.0492,Rochester,"Boston-Cambridge-Newton, MA-NH",Strafford County
59259,3867,NH,202601,1900.0,-0.021,0.0145,Rochester,"Boston-Cambridge-Newton, MA-NH",Strafford County
59268,3878,NH,202510,1902.42,,,Somersworth,"Boston-Cambridge-Newton, MA-NH",Strafford County
59268,3878,NH,202511,1849.07,-0.028,,Somersworth,"Boston-Cambridge-Newton, MA-NH",Strafford County
59268,3878,NH,202512,1912.24,0.0342,,Somersworth,"Boston-Cambridge-Newton, MA-NH",Strafford County
59268,3878,NH,202601,1955.56,0.0227,,Somersworth,"Boston-Cambridge-Newton, MA-NH",Strafford County
